id,expiration_id,src_ip,src_mac,src_oui,src_port,dst_ip,dst_mac,dst_oui,dst_port,protocol,ip_version,vlan_id,tunnel_id,bidirectional_first_seen_ms,bidirectional_last_seen_ms,bidirectional_duration_ms,bidirectional_packets,bidirectional_bytes,src2dst_first_seen_ms,src2dst_last_seen_ms,src2dst_duration_ms,src2dst_packets,src2dst_bytes,dst2src_first_seen_ms,dst2src_last_seen_ms,dst2src_duration_ms,dst2src_packets,dst2src_bytes,bidirectional_min_ps,bidirectional_mean_ps,bidirectional_stddev_ps,bidirectional_max_ps,src2dst_min_ps,src2dst_mean_ps,src2dst_stddev_ps,src2dst_max_ps,dst2src_min_ps,dst2src_mean_ps,dst2src_stddev_ps,dst2src_max_ps,bidirectional_min_piat_ms,bidirectional_mean_piat_ms,bidirectional_stddev_piat_ms,bidirectional_max_piat_ms,src2dst_min_piat_ms,src2dst_mean_piat_ms,src2dst_stddev_piat_ms,src2dst_max_piat_ms,dst2src_min_piat_ms,dst2src_mean_piat_ms,dst2src_stddev_piat_ms,dst2src_max_piat_ms,bidirectional_syn_packets,bidirectional_cwr_packets,bidirectional_ece_packets,bidirectional_urg_packets,bidirectional_ack_packets,bidirectional_psh_packets,bidirectional_rst_packets,bidirectional_fin_packets,src2dst_syn_packets,src2dst_cwr_packets,src2dst_ece_packets,src2dst_urg_packets,src2dst_ack_packets,src2dst_psh_packets,src2dst_rst_packets,src2dst_fin_packets,dst2src_syn_packets,dst2src_cwr_packets,dst2src_ece_packets,dst2src_urg_packets,dst2src_ack_packets,dst2src_psh_packets,dst2src_rst_packets,dst2src_fin_packets,application_name,application_category_name,application_is_guessed,application_confidence,requested_server_name,client_fingerprint,server_fingerprint,user_agent,content_type,label,cate
0,0,192.168.137.5,f0:18:98:0c:aa:af,f0:18:98,59539,192.168.137.111,70:ee:50:68:0e:32,70:ee:50,80,17,4,0,0,1.63828E+12,1.63828E+12,138857,11235,831390,1.63828E+12,1.63828E+12,138857,11235,831390,0,0,0,0,0,74,74,0,74,74,74,0,74,0,0,0,0,0,12.36042371,479.3008304,30253,0,12.36042371,479.3008304,30253,0,0,0,0,0,0,0,0,0,0,0,0,0,0,0,0,0,0,0,0,0,0,0,0,0,0,0,0,Unknown,Unspecified,0,0,,,,,,Attack,UDPFlood
1,0,192.168.137.5,f0:18:98:0c:aa:af,f0:18:98,55668,192.168.137.111,70:ee:50:68:0e:32,70:ee:50,80,17,4,0,0,1.63828E+12,1.63828E+12,141379,9717,719058,1.63828E+12,1.63828E+12,141379,9717,719058,0,0,0,0,0,74,74,0,74,74,74,0,74,0,0,0,0,0,14.55115274,550.6890855,40872,0,14.55115274,550.6890855,40872,0,0,0,0,0,0,0,0,0,0,0,0,0,0,0,0,0,0,0,0,0,0,0,0,0,0,0,0,Unknown,Unspecified,0,0,,,,,,Attack,UDPFlood
2,0,192.168.137.5,f0:18:98:0c:aa:af,f0:18:98,51076,192.168.137.111,70:ee:50:68:0e:32,70:ee:50,80,17,4,0,0,1.63828E+12,1.63828E+12,126449,10394,769156,1.63828E+12,1.63828E+12,126449,10394,769156,0,0,0,0,0,74,74,0,74,74,74,0,74,0,0,0,0,0,12.16674685,485.7590524,30063,0,12.16674685,485.7590524,30063,0,0,0,0,0,0,0,0,0,0,0,0,0,0,0,0,0,0,0,0,0,0,0,0,0,0,0,0,Unknown,Unspecified,0,0,,,,,,Attack,UDPFlood
3,0,192.168.137.5,f0:18:98:0c:aa:af,f0:18:98,64054,192.168.137.111,70:ee:50:68:0e:32,70:ee:50,80,17,4,0,0,1.63828E+12,1.63828E+12,123757,5659,418766,1.63828E+12,1.63828E+12,123757,5659,418766,0,0,0,0,0,74,74,0,74,74,74,0,74,0,0,0,0,0,21.87292329,659.4023322,30234,0,21.87292329,659.4023322,30234,0,0,0,0,0,0,0,0,0,0,0,0,0,0,0,0,0,0,0,0,0,0,0,0,0,0,0,0,Unknown,Unspecified,0,0,,,,,,Attack,UDPFlood
4,0,192.168.137.5,f0:18:98:0c:aa:af,f0:18:98,63326,192.168.137.111,70:ee:50:68:0e:32,70:ee:50,80,17,4,0,0,1.63828E+12,1.63828E+12,109107,4843,358382,1.63828E+12,1.63828E+12,109107,4843,358382,0,0,0,0,0,74,74,0,74,74,74,0,74,0,0,0,0,0,22.53345725,695.3072668,29919,0,22.53345725,695.3072668,29919,0,0,0,0,0,0,0,0,0,0,0,0,0,0,0,0,0,0,0,0,0,0,0,0,0,0,0,0,Unknown,Unspecified,0,0,,,,,,Attack,UDPFlood
5,0,192.168.137.5,f0:18:98:0c:aa:af,f0:18:98,54408,192.168.137.111,70:ee:50:68:0e:32,70:ee:50,80,17,4,0,0,1.63828E+12,1.63828E+12,109057,2256,166944,1.63828E+12,1.63828E+12,109057,2256,166944,0,0,0,0,0,74,74,0,74,74,74,0,74,0,0,0,0,0,48.36230599,1169.108292,42041,0,48.36230599,1169.108292,42041,0,0,0,0,0,0,0,0,0,0,0,0,0,0,0,0,0,0,0,0,0,0,0,0,0,0,0,0,Unknown,Unspecified,0,0,,,,,,Attack,UDPFlood
6,0,192.168.137.5,f0:18:98:0c:aa:af,f0:18:98,54226,192.168.137.111,70:ee:50:68:0e:32,70:ee:50,80,17,4,0,0,1.63828E+12,1.63828E+12,108942,3046,225404,1.63828E+12,1.63828E+12,108942,3046,225404,0,0,0,0,0,74,74,0,74,74,74,0,74,0,0,0,0,0,35.7773399,1150.553653,44584,0,35.7773399,1150.553653,44584,0,0,0,0,0,0,0,0,0,0,0,0,0,0,0,0,0,0,0,0,0,0,0,0,0,0,0,0,Unknown,Unspecified,0,0,,,,,,Attack,UDPFlood
7,0,192.168.137.5,f0:18:98:0c:aa:af,f0:18:98,52560,192.168.137.111,70:ee:50:68:0e:32,70:ee:50,80,17,4,0,0,1.63828E+12,1.63828E+12,108941,4410,326340,1.63828E+12,1.63828E+12,108941,4410,326340,0,0,0,0,0,74,74,0,74,74,74,0,74,0,0,0,0,0,24.7087775,753.8914239,40803,0,24.7087775,753.8914239,40803,0,0,0,0,0,0,0,0,0,0,0,0,0,0,0,0,0,0,0,0,0,0,0,0,0,0,0,0,Unknown,Unspecified,0,0,,,,,,Attack,UDPFlood
8,0,192.168.137.5,f0:18:98:0c:aa:af,f0:18:98,54198,192.168.137.111,70:ee:50:68:0e:32,70:ee:50,80,17,4,0,0,1.63828E+12,1.63828E+12,122099,3257,241018,1.63828E+12,1.63828E+12,122099,3257,241018,0,0,0,0,0,74,74,0,74,74,74,0,74,0,0,0,0,0,37.49969287,870.9506299,30304,0,37.49969287,870.9506299,30304,0,0,0,0,0,0,0,0,0,0,0,0,0,0,0,0,0,0,0,0,0,0,0,0,0,0,0,0,Unknown,Unspecified,0,0,,,,,,Attack,UDPFlood
9,0,192.168.137.5,f0:18:98:0c:aa:af,f0:18:98,60078,192.168.137.111,70:ee:50:68:0e:32,70:ee:50,80,17,4,0,0,1.63828E+12,1.63828E+12,108169,3858,285492,1.63828E+12,1.63828E+12,108169,3858,285492,0,0,0,0,0,74,74,0,74,74,74,0,74,0,0,0,0,0,28.04485351,899.3609221,44905,0,28.04485351,899.3609221,44905,0,0,0,0,0,0,0,0,0,0,0,0,0,0,0,0,0,0,0,0,0,0,0,0,0,0,0,0,Unknown,Unspecified,0,0,,,,,,Attack,UDPFlood
10,0,192.168.137.5,f0:18:98:0c:aa:af,f0:18:98,61212,192.168.137.111,70:ee:50:68:0e:32,70:ee:50,80,17,4,0,0,1.63828E+12,1.63828E+12,106842,9508,703592,1.63828E+12,1.63828E+12,106842,9508,703592,0,0,0,0,0,74,74,0,74,74,74,0,74,0,0,0,0,0,11.2382455,474.9606786,30132,0,11.2382455,474.9606786,30132,0,0,0,0,0,0,0,0,0,0,0,0,0,0,0,0,0,0,0,0,0,0,0,0,0,0,0,0,Unknown,Unspecified,0,0,,,,,,Attack,UDPFlood
11,0,192.168.137.5,f0:18:98:0c:aa:af,f0:18:98,53001,192.168.137.111,70:ee:50:68:0e:32,70:ee:50,80,17,4,0,0,1.63828E+12,1.63828E+12,119450,5779,427646,1.63828E+12,1.63828E+12,119450,5779,427646,0,0,0,0,0,74,74,0,74,74,74,0,74,0,0,0,0,0,20.67324334,760.4793393,44766,0,20.67324334,760.4793393,44766,0,0,0,0,0,0,0,0,0,0,0,0,0,0,0,0,0,0,0,0,0,0,0,0,0,0,0,0,Unknown,Unspecified,0,0,,,,,,Attack,UDPFlood
12,0,192.168.137.5,f0:18:98:0c:aa:af,f0:18:98,56802,192.168.137.111,70:ee:50:68:0e:32,70:ee:50,80,17,4,0,0,1.63828E+12,1.63828E+12,88808,2393,177082,1.63828E+12,1.63828E+12,88808,2393,177082,0,0,0,0,0,74,74,0,74,74,74,0,74,0,0,0,0,0,37.1270903,850.9785617,31326,0,37.1270903,850.9785617,31326,0,0,0,0,0,0,0,0,0,0,0,0,0,0,0,0,0,0,0,0,0,0,0,0,0,0,0,0,Unknown,Unspecified,0,0,,,,,,Attack,UDPFlood
13,0,192.168.137.5,f0:18:98:0c:aa:af,f0:18:98,64572,192.168.137.111,70:ee:50:68:0e:32,70:ee:50,80,17,4,0,0,1.63828E+12,1.63828E+12,87065,3579,264846,1.63828E+12,1.63828E+12,87065,3579,264846,0,0,0,0,0,74,74,0,74,74,74,0,74,0,0,0,0,0,24.3334265,732.7053953,27936,0,24.3334265,732.7053953,27936,0,0,0,0,0,0,0,0,0,0,0,0,0,0,0,0,0,0,0,0,0,0,0,0,0,0,0,0,Unknown,Unspecified,0,0,,,,,,Attack,UDPFlood
14,0,192.168.137.5,f0:18:98:0c:aa:af,f0:18:98,62094,192.168.137.111,70:ee:50:68:0e:32,70:ee:50,80,17,4,0,0,1.63828E+12,1.63828E+12,59137,1580,116920,1.63828E+12,1.63828E+12,59137,1580,116920,0,0,0,0,0,74,74,0,74,74,74,0,74,0,0,0,0,0,37.45218493,850.0428846,27803,0,37.45218493,850.0428846,27803,0,0,0,0,0,0,0,0,0,0,0,0,0,0,0,0,0,0,0,0,0,0,0,0,0,0,0,0,Unknown,Unspecified,0,0,,,,,,Attack,UDPFlood
15,0,192.168.137.5,f0:18:98:0c:aa:af,f0:18:98,49466,192.168.137.111,70:ee:50:68:0e:32,70:ee:50,80,17,4,0,0,1.63828E+12,1.63828E+12,73545,1521,112554,1.63828E+12,1.63828E+12,73545,1521,112554,0,0,0,0,0,74,74,0,74,74,74,0,74,0,0,0,0,0,48.38486842,1064.68138,28549,0,48.38486842,1064.68138,28549,0,0,0,0,0,0,0,0,0,0,0,0,0,0,0,0,0,0,0,0,0,0,0,0,0,0,0,0,Unknown,Unspecified,0,0,,,,,,Attack,UDPFlood
16,0,192.168.137.5,f0:18:98:0c:aa:af,f0:18:98,55283,192.168.137.111,70:ee:50:68:0e:32,70:ee:50,80,17,4,0,0,1.63828E+12,1.63828E+12,73451,2519,186406,1.63828E+12,1.63828E+12,73451,2519,186406,0,0,0,0,0,74,74,0,74,74,74,0,74,0,0,0,0,0,29.17037331,733.1297313,27969,0,29.17037331,733.1297313,27969,0,0,0,0,0,0,0,0,0,0,0,0,0,0,0,0,0,0,0,0,0,0,0,0,0,0,0,0,Unknown,Unspecified,0,0,,,,,,Attack,UDPFlood
17,0,192.168.137.5,f0:18:98:0c:aa:af,f0:18:98,59455,192.168.137.111,70:ee:50:68:0e:32,70:ee:50,80,17,4,0,0,1.63828E+12,1.63828E+12,58756,1466,108484,1.63828E+12,1.63828E+12,58756,1466,108484,0,0,0,0,0,74,74,0,74,74,74,0,74,0,0,0,0,0,40.10648464,886.0696961,28297,0,40.10648464,886.0696961,28297,0,0,0,0,0,0,0,0,0,0,0,0,0,0,0,0,0,0,0,0,0,0,0,0,0,0,0,0,Unknown,Unspecified,0,0,,,,,,Attack,UDPFlood
18,0,192.168.137.5,f0:18:98:0c:aa:af,f0:18:98,62430,192.168.137.111,70:ee:50:68:0e:32,70:ee:50,80,17,4,0,0,1.63828E+12,1.63828E+12,28974,940,69560,1.63828E+12,1.63828E+12,28974,940,69560,0,0,0,0,0,74,74,0,74,74,74,0,74,0,0,0,0,0,30.85623003,888.0709105,27205,0,30.85623003,888.0709105,27205,0,0,0,0,0,0,0,0,0,0,0,0,0,0,0,0,0,0,0,0,0,0,0,0,0,0,0,0,Unknown,Unspecified,0,0,,,,,,Attack,UDPFlood
19,0,192.168.137.5,f0:18:98:0c:aa:af,f0:18:98,59021,192.168.137.111,70:ee:50:68:0e:32,70:ee:50,80,17,4,0,0,1.63828E+12,1.63828E+12,14423,102,7548,1.63828E+12,1.63828E+12,14423,102,7548,0,0,0,0,0,74,74,0,74,74,74,0,74,0,0,0,0,0,142.8019802,1400.689723,14076,0,142.8019802,1400.689723,14076,0,0,0,0,0,0,0,0,0,0,0,0,0,0,0,0,0,0,0,0,0,0,0,0,0,0,0,0,Unknown,Unspecified,0,0,,,,,,Attack,UDPFlood
20,0,192.168.137.5,f0:18:98:0c:aa:af,f0:18:98,62087,192.168.137.111,70:ee:50:68:0e:32,70:ee:50,80,17,4,0,0,1.63828E+12,1.63828E+12,733,333,24642,1.63828E+12,1.63828E+12,733,333,24642,0,0,0,0,0,74,74,0,74,74,74,0,74,0,0,0,0,0,2.207831325,32.04050777,582,0,2.207831325,32.04050777,582,0,0,0,0,0,0,0,0,0,0,0,0,0,0,0,0,0,0,0,0,0,0,0,0,0,0,0,0,Unknown,Unspecified,0,0,,,,,,Attack,UDPFlood
21,0,192.168.137.5,f0:18:98:0c:aa:af,f0:18:98,49873,192.168.137.111,70:ee:50:68:0e:32,70:ee:50,80,17,4,0,0,1.63828E+12,1.63828E+12,138868,11845,876530,1.63828E+12,1.63828E+12,138868,11845,876530,0,0,0,0,0,74,74,0,74,74,74,0,74,0,0,0,0,0,11.72475515,525.5039645,41454,0,11.72475515,525.5039645,41454,0,0,0,0,0,0,0,0,0,0,0,0,0,0,0,0,0,0,0,0,0,0,0,0,0,0,0,0,Unknown,Unspecified,0,0,,,,,,Attack,UDPFlood
22,0,192.168.137.5,f0:18:98:0c:aa:af,f0:18:98,59750,192.168.137.111,70:ee:50:68:0e:32,70:ee:50,80,17,4,0,0,1.63828E+12,1.63828E+12,138864,10186,753764,1.63828E+12,1.63828E+12,138864,10186,753764,0,0,0,0,0,74,74,0,74,74,74,0,74,0,0,0,0,0,13.63416789,574.4337106,42070,0,13.63416789,574.4337106,42070,0,0,0,0,0,0,0,0,0,0,0,0,0,0,0,0,0,0,0,0,0,0,0,0,0,0,0,0,Unknown,Unspecified,0,0,,,,,,Attack,UDPFlood
23,0,192.168.137.5,f0:18:98:0c:aa:af,f0:18:98,51364,192.168.137.111,70:ee:50:68:0e:32,70:ee:50,80,17,4,0,0,1.63828E+12,1.63828E+12,152436,14567,1077958,1.63828E+12,1.63828E+12,152436,14567,1077958,0,0,0,0,0,74,74,0,74,74,74,0,74,0,0,0,0,0,10.46519292,453.0292726,41076,0,10.46519292,453.0292726,41076,0,0,0,0,0,0,0,0,0,0,0,0,0,0,0,0,0,0,0,0,0,0,0,0,0,0,0,0,Unknown,Unspecified,0,0,,,,,,Attack,UDPFlood
24,0,192.168.137.5,f0:18:98:0c:aa:af,f0:18:98,57979,192.168.137.111,70:ee:50:68:0e:32,70:ee:50,80,17,4,0,0,1.63828E+12,1.63828E+12,134798,10364,766936,1.63828E+12,1.63828E+12,134798,10364,766936,0,0,0,0,0,74,74,0,74,74,74,0,74,0,0,0,0,0,13.00762328,486.4302804,30069,0,13.00762328,486.4302804,30069,0,0,0,0,0,0,0,0,0,0,0,0,0,0,0,0,0,0,0,0,0,0,0,0,0,0,0,0,Unknown,Unspecified,0,0,,,,,,Attack,UDPFlood
25,0,192.168.137.5,f0:18:98:0c:aa:af,f0:18:98,59925,192.168.137.111,70:ee:50:68:0e:32,70:ee:50,80,17,4,0,0,1.63828E+12,1.63828E+12,129006,10093,746882,1.63828E+12,1.63828E+12,129006,10093,746882,0,0,0,0,0,74,74,0,74,74,74,0,74,0,0,0,0,0,12.78299643,570.7758307,41155,0,12.78299643,570.7758307,41155,0,0,0,0,0,0,0,0,0,0,0,0,0,0,0,0,0,0,0,0,0,0,0,0,0,0,0,0,Unknown,Unspecified,0,0,,,,,,Attack,UDPFlood
26,0,192.168.137.5,f0:18:98:0c:aa:af,f0:18:98,60184,192.168.137.111,70:ee:50:68:0e:32,70:ee:50,80,17,4,0,0,1.63828E+12,1.63828E+12,123153,3554,262996,1.63828E+12,1.63828E+12,123153,3554,262996,0,0,0,0,0,74,74,0,74,74,74,0,74,0,0,0,0,0,34.66169434,973.8914455,44989,0,34.66169434,973.8914455,44989,0,0,0,0,0,0,0,0,0,0,0,0,0,0,0,0,0,0,0,0,0,0,0,0,0,0,0,0,Unknown,Unspecified,0,0,,,,,,Attack,UDPFlood
27,0,192.168.137.5,f0:18:98:0c:aa:af,f0:18:98,52687,192.168.137.111,70:ee:50:68:0e:32,70:ee:50,80,17,4,0,0,1.63828E+12,1.63828E+12,109254,4471,330854,1.63828E+12,1.63828E+12,109254,4471,330854,0,0,0,0,0,74,74,0,74,74,74,0,74,0,0,0,0,0,24.44161074,821.3136529,40993,0,24.44161074,821.3136529,40993,0,0,0,0,0,0,0,0,0,0,0,0,0,0,0,0,0,0,0,0,0,0,0,0,0,0,0,0,Unknown,Unspecified,0,0,,,,,,Attack,UDPFlood
28,0,192.168.137.5,f0:18:98:0c:aa:af,f0:18:98,54584,192.168.137.111,70:ee:50:68:0e:32,70:ee:50,80,17,4,0,0,1.63828E+12,1.63828E+12,103228,1544,114256,1.63828E+12,1.63828E+12,103228,1544,114256,0,0,0,0,0,74,74,0,74,74,74,0,74,0,0,0,0,0,66.90084251,1603.771541,57822,0,66.90084251,1603.771541,57822,0,0,0,0,0,0,0,0,0,0,0,0,0,0,0,0,0,0,0,0,0,0,0,0,0,0,0,0,Unknown,Unspecified,0,0,,,,,,Attack,UDPFlood
29,0,192.168.137.5,f0:18:98:0c:aa:af,f0:18:98,49285,192.168.137.111,70:ee:50:68:0e:32,70:ee:50,80,17,4,0,0,1.63828E+12,1.63828E+12,31165,4533,335442,1.63828E+12,1.63828E+12,31165,4533,335442,0,0,0,0,0,74,74,0,74,74,74,0,74,0,0,0,0,0,6.876654898,291.9854265,15797,0,6.876654898,291.9854265,15797,0,0,0,0,0,0,0,0,0,0,0,0,0,0,0,0,0,0,0,0,0,0,0,0,0,0,0,0,Unknown,Unspecified,0,0,,,,,,Attack,UDPFlood
30,0,192.168.137.5,f0:18:98:0c:aa:af,f0:18:98,53856,192.168.137.111,70:ee:50:68:0e:32,70:ee:50,80,17,4,0,0,1.63828E+12,1.63828E+12,88596,1251,92574,1.63828E+12,1.63828E+12,88596,1251,92574,0,0,0,0,0,74,74,0,74,74,74,0,74,0,0,0,0,0,70.8768,1162.964242,30654,0,70.8768,1162.964242,30654,0,0,0,0,0,0,0,0,0,0,0,0,0,0,0,0,0,0,0,0,0,0,0,0,0,0,0,0,Unknown,Unspecified,0,0,,,,,,Attack,UDPFlood
31,0,192.168.137.5,f0:18:98:0c:aa:af,f0:18:98,54283,192.168.137.111,70:ee:50:68:0e:32,70:ee:50,80,17,4,0,0,1.63828E+12,1.63828E+12,87296,2280,168720,1.63828E+12,1.63828E+12,87296,2280,168720,0,0,0,0,0,74,74,0,74,74,74,0,74,0,0,0,0,0,38.30451953,839.6501641,27864,0,38.30451953,839.6501641,27864,0,0,0,0,0,0,0,0,0,0,0,0,0,0,0,0,0,0,0,0,0,0,0,0,0,0,0,0,Unknown,Unspecified,0,0,,,,,,Attack,UDPFlood
32,0,192.168.137.5,f0:18:98:0c:aa:af,f0:18:98,65357,192.168.137.111,70:ee:50:68:0e:32,70:ee:50,80,17,4,0,0,1.63828E+12,1.63828E+12,58605,2630,194620,1.63828E+12,1.63828E+12,58605,2630,194620,0,0,0,0,0,74,74,0,74,74,74,0,74,0,0,0,0,0,22.29174591,542.7048369,15068,0,22.29174591,542.7048369,15068,0,0,0,0,0,0,0,0,0,0,0,0,0,0,0,0,0,0,0,0,0,0,0,0,0,0,0,0,Unknown,Unspecified,0,0,,,,,,Attack,UDPFlood
33,0,192.168.137.5,f0:18:98:0c:aa:af,f0:18:98,51525,192.168.137.111,70:ee:50:68:0e:32,70:ee:50,80,17,4,0,0,1.63828E+12,1.63828E+12,58413,2280,168720,1.63828E+12,1.63828E+12,58413,2280,168720,0,0,0,0,0,74,74,0,74,74,74,0,74,0,0,0,0,0,25.6309785,747.3595195,30163,0,25.6309785,747.3595195,30163,0,0,0,0,0,0,0,0,0,0,0,0,0,0,0,0,0,0,0,0,0,0,0,0,0,0,0,0,Unknown,Unspecified,0,0,,,,,,Attack,UDPFlood
34,0,192.168.137.5,f0:18:98:0c:aa:af,f0:18:98,64461,192.168.137.111,70:ee:50:68:0e:32,70:ee:50,80,17,4,0,0,1.63828E+12,1.63828E+12,73227,1958,144892,1.63828E+12,1.63828E+12,73227,1958,144892,0,0,0,0,0,74,74,0,74,74,74,0,74,0,0,0,0,0,37.41798671,811.1129495,27634,0,37.41798671,811.1129495,27634,0,0,0,0,0,0,0,0,0,0,0,0,0,0,0,0,0,0,0,0,0,0,0,0,0,0,0,0,Unknown,Unspecified,0,0,,,,,,Attack,UDPFlood
35,0,192.168.137.5,f0:18:98:0c:aa:af,f0:18:98,50832,192.168.137.111,70:ee:50:68:0e:32,70:ee:50,80,17,4,0,0,1.63828E+12,1.63828E+12,58488,4288,317312,1.63828E+12,1.63828E+12,58488,4288,317312,0,0,0,0,0,74,74,0,74,74,74,0,74,0,0,0,0,0,13.64310707,510.8837183,27813,0,13.64310707,510.8837183,27813,0,0,0,0,0,0,0,0,0,0,0,0,0,0,0,0,0,0,0,0,0,0,0,0,0,0,0,0,Unknown,Unspecified,0,0,,,,,,Attack,UDPFlood
36,0,192.168.137.5,f0:18:98:0c:aa:af,f0:18:98,51805,192.168.137.111,70:ee:50:68:0e:32,70:ee:50,80,17,4,0,0,1.63828E+12,1.63828E+12,30227,1583,117142,1.63828E+12,1.63828E+12,30227,1583,117142,0,0,0,0,0,74,74,0,74,74,74,0,74,0,0,0,0,0,19.1068268,484.9915712,14881,0,19.1068268,484.9915712,14881,0,0,0,0,0,0,0,0,0,0,0,0,0,0,0,0,0,0,0,0,0,0,0,0,0,0,0,0,Unknown,Unspecified,0,0,,,,,,Attack,UDPFlood
37,0,192.168.137.5,f0:18:98:0c:aa:af,f0:18:98,49628,192.168.137.111,70:ee:50:68:0e:32,70:ee:50,80,17,4,0,0,1.63828E+12,1.63828E+12,42221,3353,248122,1.63828E+12,1.63828E+12,42221,3353,248122,0,0,0,0,0,74,74,0,74,74,74,0,74,0,0,0,0,0,12.59576372,509.8306719,27535,0,12.59576372,509.8306719,27535,0,0,0,0,0,0,0,0,0,0,0,0,0,0,0,0,0,0,0,0,0,0,0,0,0,0,0,0,Unknown,Unspecified,0,0,,,,,,Attack,UDPFlood
38,0,192.168.137.5,f0:18:98:0c:aa:af,f0:18:98,57839,192.168.137.111,70:ee:50:68:0e:32,70:ee:50,80,17,4,0,0,1.63828E+12,1.63828E+12,41745,1407,104118,1.63828E+12,1.63828E+12,41745,1407,104118,0,0,0,0,0,74,74,0,74,74,74,0,74,0,0,0,0,0,29.69061166,804.8823492,27982,0,29.69061166,804.8823492,27982,0,0,0,0,0,0,0,0,0,0,0,0,0,0,0,0,0,0,0,0,0,0,0,0,0,0,0,0,Unknown,Unspecified,0,0,,,,,,Attack,UDPFlood
39,0,192.168.137.5,f0:18:98:0c:aa:af,f0:18:98,65448,192.168.137.111,70:ee:50:68:0e:32,70:ee:50,80,17,4,0,0,1.63828E+12,1.63828E+12,29132,2789,206386,1.63828E+12,1.63828E+12,29132,2789,206386,0,0,0,0,0,74,74,0,74,74,74,0,74,0,0,0,0,0,10.44906743,516.2589809,27252,0,10.44906743,516.2589809,27252,0,0,0,0,0,0,0,0,0,0,0,0,0,0,0,0,0,0,0,0,0,0,0,0,0,0,0,0,Unknown,Unspecified,0,0,,,,,,Attack,UDPFlood
40,0,192.168.137.5,f0:18:98:0c:aa:af,f0:18:98,60121,192.168.137.111,70:ee:50:68:0e:32,70:ee:50,80,17,4,0,0,1.63828E+12,1.63828E+12,29699,4570,338180,1.63828E+12,1.63828E+12,29699,4570,338180,0,0,0,0,0,74,74,0,74,74,74,0,74,0,0,0,0,0,6.500109433,402.3249144,27191,0,6.500109433,402.3249144,27191,0,0,0,0,0,0,0,0,0,0,0,0,0,0,0,0,0,0,0,0,0,0,0,0,0,0,0,0,Unknown,Unspecified,0,0,,,,,,Attack,UDPFlood
41,0,192.168.137.5,f0:18:98:0c:aa:af,f0:18:98,51126,192.168.137.111,70:ee:50:68:0e:32,70:ee:50,80,17,4,0,0,1.63828E+12,1.63828E+12,464,391,28934,1.63828E+12,1.63828E+12,464,391,28934,0,0,0,0,0,74,74,0,74,74,74,0,74,0,0,0,0,0,1.18974359,14.03539036,268,0,1.18974359,14.03539036,268,0,0,0,0,0,0,0,0,0,0,0,0,0,0,0,0,0,0,0,0,0,0,0,0,0,0,0,0,Unknown,Unspecified,0,0,,,,,,Attack,UDPFlood
42,0,192.168.137.5,f0:18:98:0c:aa:af,f0:18:98,50384,192.168.137.111,70:ee:50:68:0e:32,70:ee:50,80,17,4,0,0,1.63828E+12,1.63828E+12,354,441,32634,1.63828E+12,1.63828E+12,354,441,32634,0,0,0,0,0,74,74,0,74,74,74,0,74,0,0,0,0,0,0.804545455,10.02584257,199,0,0.804545455,10.02584257,199,0,0,0,0,0,0,0,0,0,0,0,0,0,0,0,0,0,0,0,0,0,0,0,0,0,0,0,0,Unknown,Unspecified,0,0,,,,,,Attack,UDPFlood
43,0,192.168.137.5,f0:18:98:0c:aa:af,f0:18:98,58114,192.168.137.111,70:ee:50:68:0e:32,70:ee:50,80,17,4,0,0,1.63828E+12,1.63828E+12,139213,12084,894216,1.63828E+12,1.63828E+12,139213,12084,894216,0,0,0,0,0,74,74,0,74,74,74,0,74,0,0,0,0,0,11.52139369,448.6114584,30423,0,11.52139369,448.6114584,30423,0,0,0,0,0,0,0,0,0,0,0,0,0,0,0,0,0,0,0,0,0,0,0,0,0,0,0,0,Unknown,Unspecified,0,0,,,,,,Attack,UDPFlood
44,0,192.168.137.5,f0:18:98:0c:aa:af,f0:18:98,61768,192.168.137.111,70:ee:50:68:0e:32,70:ee:50,80,17,4,0,0,1.63828E+12,1.63828E+12,138866,17850,1320900,1.63828E+12,1.63828E+12,138866,17850,1320900,0,0,0,0,0,74,74,0,74,74,74,0,74,0,0,0,0,0,7.7800437,367.2978922,29591,0,7.7800437,367.2978922,29591,0,0,0,0,0,0,0,0,0,0,0,0,0,0,0,0,0,0,0,0,0,0,0,0,0,0,0,0,Unknown,Unspecified,0,0,,,,,,Attack,UDPFlood
45,0,192.168.137.5,f0:18:98:0c:aa:af,f0:18:98,57393,192.168.137.111,70:ee:50:68:0e:32,70:ee:50,80,17,4,0,0,1.63828E+12,1.63828E+12,138859,10664,789136,1.63828E+12,1.63828E+12,138859,10664,789136,0,0,0,0,0,74,74,0,74,74,74,0,74,0,0,0,0,0,13.02250774,482.1332947,30260,0,13.02250774,482.1332947,30260,0,0,0,0,0,0,0,0,0,0,0,0,0,0,0,0,0,0,0,0,0,0,0,0,0,0,0,0,Unknown,Unspecified,0,0,,,,,,Attack,UDPFlood
46,0,192.168.137.5,f0:18:98:0c:aa:af,f0:18:98,49658,192.168.137.111,70:ee:50:68:0e:32,70:ee:50,80,17,4,0,0,1.63828E+12,1.63828E+12,128401,6941,513634,1.63828E+12,1.63828E+12,128401,6941,513634,0,0,0,0,0,74,74,0,74,74,74,0,74,0,0,0,0,0,18.50158501,686.3443416,41832,0,18.50158501,686.3443416,41832,0,0,0,0,0,0,0,0,0,0,0,0,0,0,0,0,0,0,0,0,0,0,0,0,0,0,0,0,Unknown,Unspecified,0,0,,,,,,Attack,UDPFlood
47,0,192.168.137.5,f0:18:98:0c:aa:af,f0:18:98,56889,192.168.137.111,70:ee:50:68:0e:32,70:ee:50,80,17,4,0,0,1.63828E+12,1.63828E+12,125768,7904,584896,1.63828E+12,1.63828E+12,125768,7904,584896,0,0,0,0,0,74,74,0,74,74,74,0,74,0,0,0,0,0,15.91395673,590.2562088,41163,0,15.91395673,590.2562088,41163,0,0,0,0,0,0,0,0,0,0,0,0,0,0,0,0,0,0,0,0,0,0,0,0,0,0,0,0,Unknown,Unspecified,0,0,,,,,,Attack,UDPFlood
48,0,192.168.137.5,f0:18:98:0c:aa:af,f0:18:98,49700,192.168.137.111,70:ee:50:68:0e:32,70:ee:50,80,17,4,0,0,1.63828E+12,1.63828E+12,152945,6109,452066,1.63828E+12,1.63828E+12,152945,6109,452066,0,0,0,0,0,74,74,0,74,74,74,0,74,0,0,0,0,0,25.04011133,722.1187705,30248,0,25.04011133,722.1187705,30248,0,0,0,0,0,0,0,0,0,0,0,0,0,0,0,0,0,0,0,0,0,0,0,0,0,0,0,0,Unknown,Unspecified,0,0,,,,,,Attack,UDPFlood
49,0,192.168.137.5,f0:18:98:0c:aa:af,f0:18:98,57897,192.168.137.111,70:ee:50:68:0e:32,70:ee:50,80,17,4,0,0,1.63828E+12,1.63828E+12,89046,2744,203056,1.63828E+12,1.63828E+12,89046,2744,203056,0,0,0,0,0,74,74,0,74,74,74,0,74,0,0,0,0,0,32.46299672,954.1255447,44576,0,32.46299672,954.1255447,44576,0,0,0,0,0,0,0,0,0,0,0,0,0,0,0,0,0,0,0,0,0,0,0,0,0,0,0,0,Unknown,Unspecified,0,0,,,,,,Attack,UDPFlood
50,0,192.168.137.5,f0:18:98:0c:aa:af,f0:18:98,50008,192.168.137.111,70:ee:50:68:0e:32,70:ee:50,80,17,4,0,0,1.63828E+12,1.63828E+12,88857,2474,183076,1.63828E+12,1.63828E+12,88857,2474,183076,0,0,0,0,0,74,74,0,74,74,74,0,74,0,0,0,0,0,35.93085321,1020.382548,45433,0,35.93085321,1020.382548,45433,0,0,0,0,0,0,0,0,0,0,0,0,0,0,0,0,0,0,0,0,0,0,0,0,0,0,0,0,Unknown,Unspecified,0,0,,,,,,Attack,UDPFlood
51,0,192.168.137.5,f0:18:98:0c:aa:af,f0:18:98,53459,192.168.137.111,70:ee:50:68:0e:32,70:ee:50,80,17,4,0,0,1.63828E+12,1.63828E+12,30573,2266,167684,1.63828E+12,1.63828E+12,30573,2266,167684,0,0,0,0,0,74,74,0,74,74,74,0,74,0,0,0,0,0,13.49801325,403.5409078,15173,0,13.49801325,403.5409078,15173,0,0,0,0,0,0,0,0,0,0,0,0,0,0,0,0,0,0,0,0,0,0,0,0,0,0,0,0,Unknown,Unspecified,0,0,,,,,,Attack,UDPFlood
52,0,192.168.137.5,f0:18:98:0c:aa:af,f0:18:98,55097,192.168.137.111,70:ee:50:68:0e:32,70:ee:50,80,17,4,0,0,1.63828E+12,1.63828E+12,88700,2533,187442,1.63828E+12,1.63828E+12,88700,2533,187442,0,0,0,0,0,74,74,0,74,74,74,0,74,0,0,0,0,0,35.03159558,1054.644653,41138,0,35.03159558,1054.644653,41138,0,0,0,0,0,0,0,0,0,0,0,0,0,0,0,0,0,0,0,0,0,0,0,0,0,0,0,0,Unknown,Unspecified,0,0,,,,,,Attack,UDPFlood
53,0,192.168.137.5,f0:18:98:0c:aa:af,f0:18:98,58646,192.168.137.111,70:ee:50:68:0e:32,70:ee:50,80,17,4,0,0,1.63828E+12,1.63828E+12,88373,4400,325600,1.63828E+12,1.63828E+12,88373,4400,325600,0,0,0,0,0,74,74,0,74,74,74,0,74,0,0,0,0,0,20.08933849,736.7205419,42700,0,20.08933849,736.7205419,42700,0,0,0,0,0,0,0,0,0,0,0,0,0,0,0,0,0,0,0,0,0,0,0,0,0,0,0,0,Unknown,Unspecified,0,0,,,,,,Attack,UDPFlood
54,0,192.168.137.5,f0:18:98:0c:aa:af,f0:18:98,65009,192.168.137.111,70:ee:50:68:0e:32,70:ee:50,80,17,4,0,0,1.63828E+12,1.63828E+12,99818,3837,283938,1.63828E+12,1.63828E+12,99818,3837,283938,0,0,0,0,0,74,74,0,74,74,74,0,74,0,0,0,0,0,26.02137643,815.3297133,43218,0,26.02137643,815.3297133,43218,0,0,0,0,0,0,0,0,0,0,0,0,0,0,0,0,0,0,0,0,0,0,0,0,0,0,0,0,Unknown,Unspecified,0,0,,,,,,Attack,UDPFlood
55,0,192.168.137.5,f0:18:98:0c:aa:af,f0:18:98,64337,192.168.137.111,70:ee:50:68:0e:32,70:ee:50,80,17,4,0,0,1.63828E+12,1.63828E+12,102003,2465,182410,1.63828E+12,1.63828E+12,102003,2465,182410,0,0,0,0,0,74,74,0,74,74,74,0,74,0,0,0,0,0,41.39732143,946.7351643,29782,0,41.39732143,946.7351643,29782,0,0,0,0,0,0,0,0,0,0,0,0,0,0,0,0,0,0,0,0,0,0,0,0,0,0,0,0,Unknown,Unspecified,0,0,,,,,,Attack,UDPFlood
56,0,192.168.137.5,f0:18:98:0c:aa:af,f0:18:98,55804,192.168.137.111,70:ee:50:68:0e:32,70:ee:50,80,17,4,0,0,1.63828E+12,1.63828E+12,74365,4704,348096,1.63828E+12,1.63828E+12,74365,4704,348096,0,0,0,0,0,74,74,0,74,74,74,0,74,0,0,0,0,0,15.8122475,686.3181924,43039,0,15.8122475,686.3181924,43039,0,0,0,0,0,0,0,0,0,0,0,0,0,0,0,0,0,0,0,0,0,0,0,0,0,0,0,0,Unknown,Unspecified,0,0,,,,,,Attack,UDPFlood
57,0,192.168.137.5,f0:18:98:0c:aa:af,f0:18:98,50001,192.168.137.111,70:ee:50:68:0e:32,70:ee:50,80,17,4,0,0,1.63828E+12,1.63828E+12,74398,2317,171458,1.63828E+12,1.63828E+12,74398,2317,171458,0,0,0,0,0,74,74,0,74,74,74,0,74,0,0,0,0,0,32.12348877,671.0294643,15144,0,32.12348877,671.0294643,15144,0,0,0,0,0,0,0,0,0,0,0,0,0,0,0,0,0,0,0,0,0,0,0,0,0,0,0,0,Unknown,Unspecified,0,0,,,,,,Attack,UDPFlood
58,0,192.168.137.5,f0:18:98:0c:aa:af,f0:18:98,57855,192.168.137.111,70:ee:50:68:0e:32,70:ee:50,80,17,4,0,0,1.63828E+12,1.63828E+12,87305,2766,204684,1.63828E+12,1.63828E+12,87305,2766,204684,0,0,0,0,0,74,74,0,74,74,74,0,74,0,0,0,0,0,31.57504521,736.7697291,27644,0,31.57504521,736.7697291,27644,0,0,0,0,0,0,0,0,0,0,0,0,0,0,0,0,0,0,0,0,0,0,0,0,0,0,0,0,Unknown,Unspecified,0,0,,,,,,Attack,UDPFlood
59,0,192.168.137.5,f0:18:98:0c:aa:af,f0:18:98,55818,192.168.137.111,70:ee:50:68:0e:32,70:ee:50,80,17,4,0,0,1.63828E+12,1.63828E+12,87292,2960,219040,1.63828E+12,1.63828E+12,87292,2960,219040,0,0,0,0,0,74,74,0,74,74,74,0,74,0,0,0,0,0,29.50050693,714.5116546,27837,0,29.50050693,714.5116546,27837,0,0,0,0,0,0,0,0,0,0,0,0,0,0,0,0,0,0,0,0,0,0,0,0,0,0,0,0,Unknown,Unspecified,0,0,,,,,,Attack,UDPFlood
60,0,192.168.137.5,f0:18:98:0c:aa:af,f0:18:98,51394,192.168.137.111,70:ee:50:68:0e:32,70:ee:50,80,17,4,0,0,1.63828E+12,1.63828E+12,86072,1227,90798,1.63828E+12,1.63828E+12,86072,1227,90798,0,0,0,0,0,74,74,0,74,74,74,0,74,0,0,0,0,0,70.20554649,1117.334673,27417,0,70.20554649,1117.334673,27417,0,0,0,0,0,0,0,0,0,0,0,0,0,0,0,0,0,0,0,0,0,0,0,0,0,0,0,0,Unknown,Unspecified,0,0,,,,,,Attack,UDPFlood
61,0,192.168.137.5,f0:18:98:0c:aa:af,f0:18:98,61019,192.168.137.111,70:ee:50:68:0e:32,70:ee:50,80,17,4,0,0,1.63828E+12,1.63828E+12,44271,2321,171754,1.63828E+12,1.63828E+12,44271,2321,171754,0,0,0,0,0,74,74,0,74,74,74,0,74,0,0,0,0,0,19.08232759,655.9502248,29496,0,19.08232759,655.9502248,29496,0,0,0,0,0,0,0,0,0,0,0,0,0,0,0,0,0,0,0,0,0,0,0,0,0,0,0,0,Unknown,Unspecified,0,0,,,,,,Attack,UDPFlood
62,0,192.168.137.5,f0:18:98:0c:aa:af,f0:18:98,62139,192.168.137.111,70:ee:50:68:0e:32,70:ee:50,80,17,4,0,0,1.63828E+12,1.63828E+12,73502,2517,186258,1.63828E+12,1.63828E+12,73502,2517,186258,0,0,0,0,0,74,74,0,74,74,74,0,74,0,0,0,0,0,29.21383148,755.0992907,29527,0,29.21383148,755.0992907,29527,0,0,0,0,0,0,0,0,0,0,0,0,0,0,0,0,0,0,0,0,0,0,0,0,0,0,0,0,Unknown,Unspecified,0,0,,,,,,Attack,UDPFlood
63,0,192.168.137.5,f0:18:98:0c:aa:af,f0:18:98,53081,192.168.137.111,70:ee:50:68:0e:32,70:ee:50,80,17,4,0,0,1.63828E+12,1.63828E+12,45127,2191,162134,1.63828E+12,1.63828E+12,45127,2191,162134,0,0,0,0,0,74,74,0,74,74,74,0,74,0,0,0,0,0,20.60593607,679.4497905,29768,0,20.60593607,679.4497905,29768,0,0,0,0,0,0,0,0,0,0,0,0,0,0,0,0,0,0,0,0,0,0,0,0,0,0,0,0,Unknown,Unspecified,0,0,,,,,,Attack,UDPFlood
64,0,192.168.137.5,f0:18:98:0c:aa:af,f0:18:98,61544,192.168.137.111,70:ee:50:68:0e:32,70:ee:50,80,17,4,0,0,1.63828E+12,1.63828E+12,43404,6488,480112,1.63828E+12,1.63828E+12,43404,6488,480112,0,0,0,0,0,74,74,0,74,74,74,0,74,0,0,0,0,0,6.690920302,374.0034705,28122,0,6.690920302,374.0034705,28122,0,0,0,0,0,0,0,0,0,0,0,0,0,0,0,0,0,0,0,0,0,0,0,0,0,0,0,0,Unknown,Unspecified,0,0,,,,,,Attack,UDPFlood
65,0,192.168.137.5,f0:18:98:0c:aa:af,f0:18:98,58157,192.168.137.111,70:ee:50:68:0e:32,70:ee:50,80,17,4,0,0,1.63828E+12,1.63828E+12,138840,12039,890886,1.63828E+12,1.63828E+12,138840,12039,890886,0,0,0,0,0,74,74,0,74,74,74,0,74,0,0,0,0,0,11.53347732,456.4834797,30424,0,11.53347732,456.4834797,30424,0,0,0,0,0,0,0,0,0,0,0,0,0,0,0,0,0,0,0,0,0,0,0,0,0,0,0,0,Unknown,Unspecified,0,0,,,,,,Attack,UDPFlood
66,0,192.168.137.5,f0:18:98:0c:aa:af,f0:18:98,61748,192.168.137.111,70:ee:50:68:0e:32,70:ee:50,80,17,4,0,0,1.63828E+12,1.63828E+12,166850,11606,858844,1.63828E+12,1.63828E+12,166850,11606,858844,0,0,0,0,0,74,74,0,74,74,74,0,74,0,0,0,0,0,14.37742352,530.5174791,30261,0,14.37742352,530.5174791,30261,0,0,0,0,0,0,0,0,0,0,0,0,0,0,0,0,0,0,0,0,0,0,0,0,0,0,0,0,Unknown,Unspecified,0,0,,,,,,Attack,UDPFlood
67,0,192.168.137.5,f0:18:98:0c:aa:af,f0:18:98,50023,192.168.137.111,70:ee:50:68:0e:32,70:ee:50,80,17,4,0,0,1.63828E+12,1.63828E+12,138791,13154,973396,1.63828E+12,1.63828E+12,138791,13154,973396,0,0,0,0,0,74,74,0,74,74,74,0,74,0,0,0,0,0,10.55204136,513.1092082,44555,0,10.55204136,513.1092082,44555,0,0,0,0,0,0,0,0,0,0,0,0,0,0,0,0,0,0,0,0,0,0,0,0,0,0,0,0,Unknown,Unspecified,0,0,,,,,,Attack,UDPFlood
68,0,192.168.137.5,f0:18:98:0c:aa:af,f0:18:98,59256,192.168.137.111,70:ee:50:68:0e:32,70:ee:50,80,17,4,0,0,1.63828E+12,1.63828E+12,137584,12172,900728,1.63828E+12,1.63828E+12,137584,12172,900728,0,0,0,0,0,74,74,0,74,74,74,0,74,0,0,0,0,0,11.3042478,515.0497383,41156,0,11.3042478,515.0497383,41156,0,0,0,0,0,0,0,0,0,0,0,0,0,0,0,0,0,0,0,0,0,0,0,0,0,0,0,0,Unknown,Unspecified,0,0,,,,,,Attack,UDPFlood
69,0,192.168.137.5,f0:18:98:0c:aa:af,f0:18:98,53054,192.168.137.111,70:ee:50:68:0e:32,70:ee:50,80,17,4,0,0,1.63828E+12,1.63828E+12,135941,13238,979612,1.63828E+12,1.63828E+12,135941,13238,979612,0,0,0,0,0,74,74,0,74,74,74,0,74,0,0,0,0,0,10.26977412,438.731329,31073,0,10.26977412,438.731329,31073,0,0,0,0,0,0,0,0,0,0,0,0,0,0,0,0,0,0,0,0,0,0,0,0,0,0,0,0,Unknown,Unspecified,0,0,,,,,,Attack,UDPFlood
70,0,192.168.137.5,f0:18:98:0c:aa:af,f0:18:98,57765,192.168.137.111,70:ee:50:68:0e:32,70:ee:50,80,17,4,0,0,1.63828E+12,1.63828E+12,132709,9981,738594,1.63828E+12,1.63828E+12,132709,9981,738594,0,0,0,0,0,74,74,0,74,74,74,0,74,0,0,0,0,0,13.29749499,453.3765607,28112,0,13.29749499,453.3765607,28112,0,0,0,0,0,0,0,0,0,0,0,0,0,0,0,0,0,0,0,0,0,0,0,0,0,0,0,0,Unknown,Unspecified,0,0,,,,,,Attack,UDPFlood
71,0,192.168.137.5,f0:18:98:0c:aa:af,f0:18:98,57541,192.168.137.111,70:ee:50:68:0e:32,70:ee:50,80,17,4,0,0,1.63828E+12,1.63828E+12,130765,9642,713508,1.63828E+12,1.63828E+12,130765,9642,713508,0,0,0,0,0,74,74,0,74,74,74,0,74,0,0,0,0,0,13.56342703,511.0503012,31087,0,13.56342703,511.0503012,31087,0,0,0,0,0,0,0,0,0,0,0,0,0,0,0,0,0,0,0,0,0,0,0,0,0,0,0,0,Unknown,Unspecified,0,0,,,,,,Attack,UDPFlood
72,0,192.168.137.5,f0:18:98:0c:aa:af,f0:18:98,55385,192.168.137.111,70:ee:50:68:0e:32,70:ee:50,80,17,4,0,0,1.63828E+12,1.63828E+12,109270,6490,480260,1.63828E+12,1.63828E+12,109270,6490,480260,0,0,0,0,0,74,74,0,74,74,74,0,74,0,0,0,0,0,16.83926645,684.0432455,41122,0,16.83926645,684.0432455,41122,0,0,0,0,0,0,0,0,0,0,0,0,0,0,0,0,0,0,0,0,0,0,0,0,0,0,0,0,Unknown,Unspecified,0,0,,,,,,Attack,UDPFlood
73,0,192.168.137.5,f0:18:98:0c:aa:af,f0:18:98,64891,192.168.137.111,70:ee:50:68:0e:32,70:ee:50,80,17,4,0,0,1.63828E+12,1.63828E+12,107446,6739,498686,1.63828E+12,1.63828E+12,107446,6739,498686,0,0,0,0,0,74,74,0,74,74,74,0,74,0,0,0,0,0,15.94627486,902.1196791,71228,0,15.94627486,902.1196791,71228,0,0,0,0,0,0,0,0,0,0,0,0,0,0,0,0,0,0,0,0,0,0,0,0,0,0,0,0,Unknown,Unspecified,0,0,,,,,,Attack,UDPFlood
74,0,192.168.137.5,f0:18:98:0c:aa:af,f0:18:98,57296,192.168.137.111,70:ee:50:68:0e:32,70:ee:50,80,17,4,0,0,1.63828E+12,1.63828E+12,89010,3433,254042,1.63828E+12,1.63828E+12,89010,3433,254042,0,0,0,0,0,74,74,0,74,74,74,0,74,0,0,0,0,0,25.93531469,1061.63797,59718,0,25.93531469,1061.63797,59718,0,0,0,0,0,0,0,0,0,0,0,0,0,0,0,0,0,0,0,0,0,0,0,0,0,0,0,0,Unknown,Unspecified,0,0,,,,,,Attack,UDPFlood
75,0,192.168.137.5,f0:18:98:0c:aa:af,f0:18:98,55287,192.168.137.111,70:ee:50:68:0e:32,70:ee:50,80,17,4,0,0,1.63828E+12,1.63828E+12,116505,3329,246346,1.63828E+12,1.63828E+12,116505,3329,246346,0,0,0,0,0,74,74,0,74,74,74,0,74,0,0,0,0,0,35.00751202,1206.852898,61774,0,35.00751202,1206.852898,61774,0,0,0,0,0,0,0,0,0,0,0,0,0,0,0,0,0,0,0,0,0,0,0,0,0,0,0,0,Unknown,Unspecified,0,0,,,,,,Attack,UDPFlood
76,0,192.168.137.5,f0:18:98:0c:aa:af,f0:18:98,49946,192.168.137.111,70:ee:50:68:0e:32,70:ee:50,80,17,4,0,0,1.63828E+12,1.63828E+12,29722,2867,212158,1.63828E+12,1.63828E+12,29722,2867,212158,0,0,0,0,0,74,74,0,74,74,74,0,74,0,0,0,0,0,10.37055129,353.1494759,14649,0,10.37055129,353.1494759,14649,0,0,0,0,0,0,0,0,0,0,0,0,0,0,0,0,0,0,0,0,0,0,0,0,0,0,0,0,Unknown,Unspecified,0,0,,,,,,Attack,UDPFlood
77,0,192.168.137.5,f0:18:98:0c:aa:af,f0:18:98,60173,192.168.137.111,70:ee:50:68:0e:32,70:ee:50,80,17,4,0,0,1.63828E+12,1.63828E+12,75094,2959,218966,1.63828E+12,1.63828E+12,75094,2959,218966,0,0,0,0,0,74,74,0,74,74,74,0,74,0,0,0,0,0,25.3867478,887.3839194,44439,0,25.3867478,887.3839194,44439,0,0,0,0,0,0,0,0,0,0,0,0,0,0,0,0,0,0,0,0,0,0,0,0,0,0,0,0,Unknown,Unspecified,0,0,,,,,,Attack,UDPFlood
78,0,192.168.137.5,f0:18:98:0c:aa:af,f0:18:98,63414,192.168.137.111,70:ee:50:68:0e:32,70:ee:50,80,17,4,0,0,1.63828E+12,1.63828E+12,74702,2186,161764,1.63828E+12,1.63828E+12,74702,2186,161764,0,0,0,0,0,74,74,0,74,74,74,0,74,0,0,0,0,0,34.18855835,810.5022971,28492,0,34.18855835,810.5022971,28492,0,0,0,0,0,0,0,0,0,0,0,0,0,0,0,0,0,0,0,0,0,0,0,0,0,0,0,0,Unknown,Unspecified,0,0,,,,,,Attack,UDPFlood
79,0,192.168.137.5,f0:18:98:0c:aa:af,f0:18:98,53803,192.168.137.111,70:ee:50:68:0e:32,70:ee:50,80,17,4,0,0,1.63828E+12,1.63828E+12,59127,3746,277204,1.63828E+12,1.63828E+12,59127,3746,277204,0,0,0,0,0,74,74,0,74,74,74,0,74,0,0,0,0,0,15.788251,447.8291587,15275,0,15.788251,447.8291587,15275,0,0,0,0,0,0,0,0,0,0,0,0,0,0,0,0,0,0,0,0,0,0,0,0,0,0,0,0,Unknown,Unspecified,0,0,,,,,,Attack,UDPFlood
80,0,192.168.137.5,f0:18:98:0c:aa:af,f0:18:98,56512,192.168.137.111,70:ee:50:68:0e:32,70:ee:50,80,17,4,0,0,1.63828E+12,1.63828E+12,73546,1324,97976,1.63828E+12,1.63828E+12,73546,1324,97976,0,0,0,0,0,74,74,0,74,74,74,0,74,0,0,0,0,0,55.59032502,1168.259889,29986,0,55.59032502,1168.259889,29986,0,0,0,0,0,0,0,0,0,0,0,0,0,0,0,0,0,0,0,0,0,0,0,0,0,0,0,0,Unknown,Unspecified,0,0,,,,,,Attack,UDPFlood
81,0,192.168.137.5,f0:18:98:0c:aa:af,f0:18:98,62518,192.168.137.111,70:ee:50:68:0e:32,70:ee:50,80,17,4,0,0,1.63828E+12,1.63828E+12,18396,1218,90132,1.63828E+12,1.63828E+12,18396,1218,90132,0,0,0,0,0,74,74,0,74,74,74,0,74,0,0,0,0,0,15.11585867,430.7777779,14928,0,15.11585867,430.7777779,14928,0,0,0,0,0,0,0,0,0,0,0,0,0,0,0,0,0,0,0,0,0,0,0,0,0,0,0,0,Unknown,Unspecified,0,0,,,,,,Attack,UDPFlood
82,0,192.168.137.5,f0:18:98:0c:aa:af,f0:18:98,49988,192.168.137.111,70:ee:50:68:0e:32,70:ee:50,80,17,4,0,0,1.63828E+12,1.63828E+12,58858,2586,191364,1.63828E+12,1.63828E+12,58858,2586,191364,0,0,0,0,0,74,74,0,74,74,74,0,74,0,0,0,0,0,22.76905222,661.3650747,27991,0,22.76905222,661.3650747,27991,0,0,0,0,0,0,0,0,0,0,0,0,0,0,0,0,0,0,0,0,0,0,0,0,0,0,0,0,Unknown,Unspecified,0,0,,,,,,Attack,UDPFlood
83,0,192.168.137.5,f0:18:98:0c:aa:af,f0:18:98,50653,192.168.137.111,70:ee:50:68:0e:32,70:ee:50,80,17,4,0,0,1.63828E+12,1.63828E+12,44427,3860,285640,1.63828E+12,1.63828E+12,44427,3860,285640,0,0,0,0,0,74,74,0,74,74,74,0,74,0,0,0,0,0,11.51256802,361.547188,14630,0,11.51256802,361.547188,14630,0,0,0,0,0,0,0,0,0,0,0,0,0,0,0,0,0,0,0,0,0,0,0,0,0,0,0,0,Unknown,Unspecified,0,0,,,,,,Attack,UDPFlood
84,0,192.168.137.5,f0:18:98:0c:aa:af,f0:18:98,55355,192.168.137.111,70:ee:50:68:0e:32,70:ee:50,80,17,4,0,0,1.63828E+12,1.63828E+12,151206,12126,897324,1.63828E+12,1.63828E+12,151206,12126,897324,0,0,0,0,0,74,74,0,74,74,74,0,74,0,0,0,0,0,12.47059794,527.7570499,40823,0,12.47059794,527.7570499,40823,0,0,0,0,0,0,0,0,0,0,0,0,0,0,0,0,0,0,0,0,0,0,0,0,0,0,0,0,Unknown,Unspecified,0,0,,,,,,Attack,UDPFlood
85,0,192.168.137.5,f0:18:98:0c:aa:af,f0:18:98,56482,192.168.137.111,70:ee:50:68:0e:32,70:ee:50,80,17,4,0,0,1.63828E+12,1.63828E+12,138866,14781,1093794,1.63828E+12,1.63828E+12,138866,14781,1093794,0,0,0,0,0,74,74,0,74,74,74,0,74,0,0,0,0,0,9.395534506,470.0479343,41100,0,9.395534506,470.0479343,41100,0,0,0,0,0,0,0,0,0,0,0,0,0,0,0,0,0,0,0,0,0,0,0,0,0,0,0,0,Unknown,Unspecified,0,0,,,,,,Attack,UDPFlood
86,0,192.168.137.5,f0:18:98:0c:aa:af,f0:18:98,55978,192.168.137.111,70:ee:50:68:0e:32,70:ee:50,80,17,4,0,0,1.63828E+12,1.63828E+12,138845,8837,653938,1.63828E+12,1.63828E+12,138845,8837,653938,0,0,0,0,0,74,74,0,74,74,74,0,74,0,0,0,0,0,15.71355817,482.6814862,28831,0,15.71355817,482.6814862,28831,0,0,0,0,0,0,0,0,0,0,0,0,0,0,0,0,0,0,0,0,0,0,0,0,0,0,0,0,Unknown,Unspecified,0,0,,,,,,Attack,UDPFlood
87,0,192.168.137.5,f0:18:98:0c:aa:af,f0:18:98,59163,192.168.137.111,70:ee:50:68:0e:32,70:ee:50,80,17,4,0,0,1.63828E+12,1.63828E+12,138808,13855,1025270,1.63828E+12,1.63828E+12,138808,13855,1025270,0,0,0,0,0,74,74,0,74,74,74,0,74,0,0,0,0,0,10.01934459,482.2809056,40822,0,10.01934459,482.2809056,40822,0,0,0,0,0,0,0,0,0,0,0,0,0,0,0,0,0,0,0,0,0,0,0,0,0,0,0,0,Unknown,Unspecified,0,0,,,,,,Attack,UDPFlood
88,0,192.168.137.5,f0:18:98:0c:aa:af,f0:18:98,53976,192.168.137.111,70:ee:50:68:0e:32,70:ee:50,80,17,4,0,0,1.63828E+12,1.63828E+12,137144,13384,990416,1.63828E+12,1.63828E+12,137144,13384,990416,0,0,0,0,0,74,74,0,74,74,74,0,74,0,0,0,0,0,10.24762759,487.2349256,40751,0,10.24762759,487.2349256,40751,0,0,0,0,0,0,0,0,0,0,0,0,0,0,0,0,0,0,0,0,0,0,0,0,0,0,0,0,Unknown,Unspecified,0,0,,,,,,Attack,UDPFlood
89,0,192.168.137.5,f0:18:98:0c:aa:af,f0:18:98,64973,192.168.137.111,70:ee:50:68:0e:32,70:ee:50,80,17,4,0,0,1.63828E+12,1.63828E+12,136637,12930,956820,1.63828E+12,1.63828E+12,136637,12930,956820,0,0,0,0,0,74,74,0,74,74,74,0,74,0,0,0,0,0,10.56825741,432.7706898,30028,0,10.56825741,432.7706898,30028,0,0,0,0,0,0,0,0,0,0,0,0,0,0,0,0,0,0,0,0,0,0,0,0,0,0,0,0,Unknown,Unspecified,0,0,,,,,,Attack,UDPFlood
90,0,192.168.137.5,f0:18:98:0c:aa:af,f0:18:98,58519,192.168.137.111,70:ee:50:68:0e:32,70:ee:50,80,17,4,0,0,1.63828E+12,1.63828E+12,132262,13590,1005660,1.63828E+12,1.63828E+12,132262,13590,1005660,0,0,0,0,0,74,74,0,74,74,74,0,74,0,0,0,0,0,9.733019354,435.1282254,31253,0,9.733019354,435.1282254,31253,0,0,0,0,0,0,0,0,0,0,0,0,0,0,0,0,0,0,0,0,0,0,0,0,0,0,0,0,Unknown,Unspecified,0,0,,,,,,Attack,UDPFlood
91,0,192.168.137.5,f0:18:98:0c:aa:af,f0:18:98,54886,192.168.137.111,70:ee:50:68:0e:32,70:ee:50,80,17,4,0,0,1.63828E+12,1.63828E+12,127015,6739,498686,1.63828E+12,1.63828E+12,127015,6739,498686,0,0,0,0,0,74,74,0,74,74,74,0,74,0,0,0,0,0,18.85054912,608.1632102,30082,0,18.85054912,608.1632102,30082,0,0,0,0,0,0,0,0,0,0,0,0,0,0,0,0,0,0,0,0,0,0,0,0,0,0,0,0,Unknown,Unspecified,0,0,,,,,,Attack,UDPFlood
92,0,192.168.137.5,f0:18:98:0c:aa:af,f0:18:98,64609,192.168.137.111,70:ee:50:68:0e:32,70:ee:50,80,17,4,0,0,1.63828E+12,1.63828E+12,108941,4859,359566,1.63828E+12,1.63828E+12,108941,4859,359566,0,0,0,0,0,74,74,0,74,74,74,0,74,0,0,0,0,0,22.42507205,597.4352381,26608,0,22.42507205,597.4352381,26608,0,0,0,0,0,0,0,0,0,0,0,0,0,0,0,0,0,0,0,0,0,0,0,0,0,0,0,0,Unknown,Unspecified,0,0,,,,,,Attack,UDPFlood
93,0,192.168.137.5,f0:18:98:0c:aa:af,f0:18:98,56783,192.168.137.111,70:ee:50:68:0e:32,70:ee:50,80,17,4,0,0,1.63828E+12,1.63828E+12,108746,4565,337810,1.63828E+12,1.63828E+12,108746,4565,337810,0,0,0,0,0,74,74,0,74,74,74,0,74,0,0,0,0,0,23.82690622,922.5707937,44740,0,23.82690622,922.5707937,44740,0,0,0,0,0,0,0,0,0,0,0,0,0,0,0,0,0,0,0,0,0,0,0,0,0,0,0,0,Unknown,Unspecified,0,0,,,,,,Attack,UDPFlood
94,0,192.168.137.5,f0:18:98:0c:aa:af,f0:18:98,54662,192.168.137.111,70:ee:50:68:0e:32,70:ee:50,80,17,4,0,0,1.63828E+12,1.63828E+12,108207,5436,402264,1.63828E+12,1.63828E+12,108207,5436,402264,0,0,0,0,0,74,74,0,74,74,74,0,74,0,0,0,0,0,19.90929163,575.3067141,27616,0,19.90929163,575.3067141,27616,0,0,0,0,0,0,0,0,0,0,0,0,0,0,0,0,0,0,0,0,0,0,0,0,0,0,0,0,Unknown,Unspecified,0,0,,,,,,Attack,UDPFlood
95,0,192.168.137.5,f0:18:98:0c:aa:af,f0:18:98,64903,192.168.137.111,70:ee:50:68:0e:32,70:ee:50,80,17,4,0,0,1.63828E+12,1.63828E+12,104807,1744,129056,1.63828E+12,1.63828E+12,104807,1744,129056,0,0,0,0,0,74,74,0,74,74,74,0,74,0,0,0,0,0,60.13023523,1349.308619,44733,0,60.13023523,1349.308619,44733,0,0,0,0,0,0,0,0,0,0,0,0,0,0,0,0,0,0,0,0,0,0,0,0,0,0,0,0,Unknown,Unspecified,0,0,,,,,,Attack,UDPFlood
96,0,192.168.137.5,f0:18:98:0c:aa:af,f0:18:98,65288,192.168.137.111,70:ee:50:68:0e:32,70:ee:50,80,17,4,0,0,1.63828E+12,1.63828E+12,89042,3202,236948,1.63828E+12,1.63828E+12,89042,3202,236948,0,0,0,0,0,74,74,0,74,74,74,0,74,0,0,0,0,0,27.81693221,697.6870718,28259,0,27.81693221,697.6870718,28259,0,0,0,0,0,0,0,0,0,0,0,0,0,0,0,0,0,0,0,0,0,0,0,0,0,0,0,0,Unknown,Unspecified,0,0,,,,,,Attack,UDPFlood
97,0,192.168.137.5,f0:18:98:0c:aa:af,f0:18:98,63566,192.168.137.111,70:ee:50:68:0e:32,70:ee:50,80,17,4,0,0,1.63828E+12,1.63828E+12,89007,2036,150664,1.63828E+12,1.63828E+12,89007,2036,150664,0,0,0,0,0,74,74,0,74,74,74,0,74,0,0,0,0,0,43.73808354,886.9843536,28415,0,43.73808354,886.9843536,28415,0,0,0,0,0,0,0,0,0,0,0,0,0,0,0,0,0,0,0,0,0,0,0,0,0,0,0,0,Unknown,Unspecified,0,0,,,,,,Attack,UDPFlood
98,0,192.168.137.5,f0:18:98:0c:aa:af,f0:18:98,64098,192.168.137.111,70:ee:50:68:0e:32,70:ee:50,80,17,4,0,0,1.63828E+12,1.63828E+12,76403,4616,341584,1.63828E+12,1.63828E+12,76403,4616,341584,0,0,0,0,0,74,74,0,74,74,74,0,74,0,0,0,0,0,16.55536295,703.8196742,43899,0,16.55536295,703.8196742,43899,0,0,0,0,0,0,0,0,0,0,0,0,0,0,0,0,0,0,0,0,0,0,0,0,0,0,0,0,Unknown,Unspecified,0,0,,,,,,Attack,UDPFlood
99,0,192.168.137.5,f0:18:98:0c:aa:af,f0:18:98,54221,192.168.137.111,70:ee:50:68:0e:32,70:ee:50,80,17,4,0,0,1.63828E+12,1.63828E+12,74342,1306,96644,1.63828E+12,1.63828E+12,74342,1306,96644,0,0,0,0,0,74,74,0,74,74,74,0,74,0,0,0,0,0,56.96704981,1055.48057,28381,0,56.96704981,1055.48057,28381,0,0,0,0,0,0,0,0,0,0,0,0,0,0,0,0,0,0,0,0,0,0,0,0,0,0,0,0,Unknown,Unspecified,0,0,,,,,,Attack,UDPFlood
100,0,192.168.137.5,f0:18:98:0c:aa:af,f0:18:98,56006,192.168.137.111,70:ee:50:68:0e:32,70:ee:50,80,17,4,0,0,1.63828E+12,1.63828E+12,73649,2548,188552,1.63828E+12,1.63828E+12,73649,2548,188552,0,0,0,0,0,74,74,0,74,74,74,0,74,0,0,0,0,0,28.91597958,740.1947065,28361,0,28.91597958,740.1947065,28361,0,0,0,0,0,0,0,0,0,0,0,0,0,0,0,0,0,0,0,0,0,0,0,0,0,0,0,0,Unknown,Unspecified,0,0,,,,,,Attack,UDPFlood
101,0,192.168.137.5,f0:18:98:0c:aa:af,f0:18:98,50763,192.168.137.111,70:ee:50:68:0e:32,70:ee:50,80,17,4,0,0,1.63828E+12,1.63828E+12,44853,1648,121952,1.63828E+12,1.63828E+12,44853,1648,121952,0,0,0,0,0,74,74,0,74,74,74,0,74,0,0,0,0,0,27.23315118,599.5388226,15269,0,27.23315118,599.5388226,15269,0,0,0,0,0,0,0,0,0,0,0,0,0,0,0,0,0,0,0,0,0,0,0,0,0,0,0,0,Unknown,Unspecified,0,0,,,,,,Attack,UDPFlood
102,0,192.168.137.5,f0:18:98:0c:aa:af,f0:18:98,52373,192.168.137.111,70:ee:50:68:0e:32,70:ee:50,80,17,4,0,0,1.63828E+12,1.63828E+12,44171,1891,139934,1.63828E+12,1.63828E+12,44171,1891,139934,0,0,0,0,0,74,74,0,74,74,74,0,74,0,0,0,0,0,23.37089947,531.5959346,14678,0,23.37089947,531.5959346,14678,0,0,0,0,0,0,0,0,0,0,0,0,0,0,0,0,0,0,0,0,0,0,0,0,0,0,0,0,Unknown,Unspecified,0,0,,,,,,Attack,UDPFlood
103,0,192.168.137.5,f0:18:98:0c:aa:af,f0:18:98,59093,192.168.137.111,70:ee:50:68:0e:32,70:ee:50,80,17,4,0,0,1.63828E+12,1.63828E+12,44441,4849,358826,1.63828E+12,1.63828E+12,44441,4849,358826,0,0,0,0,0,74,74,0,74,74,74,0,74,0,0,0,0,0,9.166872937,329.8647821,14563,0,9.166872937,329.8647821,14563,0,0,0,0,0,0,0,0,0,0,0,0,0,0,0,0,0,0,0,0,0,0,0,0,0,0,0,0,Unknown,Unspecified,0,0,,,,,,Attack,UDPFlood
104,0,192.168.137.5,f0:18:98:0c:aa:af,f0:18:98,62502,192.168.137.111,70:ee:50:68:0e:32,70:ee:50,80,17,4,0,0,1.63828E+12,1.63828E+12,44155,4348,321752,1.63828E+12,1.63828E+12,44155,4348,321752,0,0,0,0,0,74,74,0,74,74,74,0,74,0,0,0,0,0,10.15757994,457.7757624,27934,0,10.15757994,457.7757624,27934,0,0,0,0,0,0,0,0,0,0,0,0,0,0,0,0,0,0,0,0,0,0,0,0,0,0,0,0,Unknown,Unspecified,0,0,,,,,,Attack,UDPFlood
105,0,192.168.137.5,f0:18:98:0c:aa:af,f0:18:98,59310,192.168.137.111,70:ee:50:68:0e:32,70:ee:50,80,17,4,0,0,1.63828E+12,1.63828E+12,43228,5577,412698,1.63828E+12,1.63828E+12,43228,5577,412698,0,0,0,0,0,74,74,0,74,74,74,0,74,0,0,0,0,0,7.75251076,299.7550409,14106,0,7.75251076,299.7550409,14106,0,0,0,0,0,0,0,0,0,0,0,0,0,0,0,0,0,0,0,0,0,0,0,0,0,0,0,0,Unknown,Unspecified,0,0,,,,,,Attack,UDPFlood
106,0,192.168.137.5,f0:18:98:0c:aa:af,f0:18:98,52919,192.168.137.111,70:ee:50:68:0e:32,70:ee:50,80,17,4,0,0,1.63828E+12,1.63828E+12,43428,4527,334998,1.63828E+12,1.63828E+12,43428,4527,334998,0,0,0,0,0,74,74,0,74,74,74,0,74,0,0,0,0,0,9.595227574,451.0300095,28035,0,9.595227574,451.0300095,28035,0,0,0,0,0,0,0,0,0,0,0,0,0,0,0,0,0,0,0,0,0,0,0,0,0,0,0,0,Unknown,Unspecified,0,0,,,,,,Attack,UDPFlood
107,0,192.168.137.5,f0:18:98:0c:aa:af,f0:18:98,51218,192.168.137.111,70:ee:50:68:0e:32,70:ee:50,80,17,4,0,0,1.63828E+12,1.63828E+12,29196,1156,85544,1.63828E+12,1.63828E+12,29196,1156,85544,0,0,0,0,0,74,74,0,74,74,74,0,74,0,0,0,0,0,25.27792208,799.7668463,27166,0,25.27792208,799.7668463,27166,0,0,0,0,0,0,0,0,0,0,0,0,0,0,0,0,0,0,0,0,0,0,0,0,0,0,0,0,Unknown,Unspecified,0,0,,,,,,Attack,UDPFlood
108,0,192.168.137.5,f0:18:98:0c:aa:af,f0:18:98,52443,192.168.137.111,70:ee:50:68:0e:32,70:ee:50,80,17,4,0,0,1.63828E+12,1.63828E+12,29122,1648,121952,1.63828E+12,1.63828E+12,29122,1648,121952,0,0,0,0,0,74,74,0,74,74,74,0,74,0,0,0,0,0,17.68184578,676.4716927,27448,0,17.68184578,676.4716927,27448,0,0,0,0,0,0,0,0,0,0,0,0,0,0,0,0,0,0,0,0,0,0,0,0,0,0,0,0,Unknown,Unspecified,0,0,,,,,,Attack,UDPFlood
109,0,192.168.137.5,f0:18:98:0c:aa:af,f0:18:98,61417,192.168.137.111,70:ee:50:68:0e:32,70:ee:50,80,17,4,0,0,1.63828E+12,1.63828E+12,486,116,8584,1.63828E+12,1.63828E+12,486,116,8584,0,0,0,0,0,74,74,0,74,74,74,0,74,0,0,0,0,0,4.226086957,37.18942994,396,0,4.226086957,37.18942994,396,0,0,0,0,0,0,0,0,0,0,0,0,0,0,0,0,0,0,0,0,0,0,0,0,0,0,0,0,Unknown,Unspecified,0,0,,,,,,Attack,UDPFlood
110,0,192.168.137.5,f0:18:98:0c:aa:af,f0:18:98,64864,192.168.137.111,70:ee:50:68:0e:32,70:ee:50,80,17,4,0,0,1.63828E+12,1.63828E+12,179167,12910,955340,1.63828E+12,1.63828E+12,179167,12910,955340,0,0,0,0,0,74,74,0,74,74,74,0,74,0,0,0,0,0,13.87923154,571.1514656,40731,0,13.87923154,571.1514656,40731,0,0,0,0,0,0,0,0,0,0,0,0,0,0,0,0,0,0,0,0,0,0,0,0,0,0,0,0,Unknown,Unspecified,0,0,,,,,,Attack,UDPFlood
111,0,192.168.137.5,f0:18:98:0c:aa:af,f0:18:98,64185,192.168.137.111,70:ee:50:68:0e:32,70:ee:50,80,17,4,0,0,1.63828E+12,1.63828E+12,139213,11815,874310,1.63828E+12,1.63828E+12,139213,11815,874310,0,0,0,0,0,74,74,0,74,74,74,0,74,0,0,0,0,0,11.78373117,456.9689518,30424,0,11.78373117,456.9689518,30424,0,0,0,0,0,0,0,0,0,0,0,0,0,0,0,0,0,0,0,0,0,0,0,0,0,0,0,0,Unknown,Unspecified,0,0,,,,,,Attack,UDPFlood
112,0,192.168.137.5,f0:18:98:0c:aa:af,f0:18:98,64192,192.168.137.111,70:ee:50:68:0e:32,70:ee:50,80,17,4,0,0,1.63828E+12,1.63828E+12,138859,11998,887852,1.63828E+12,1.63828E+12,138859,11998,887852,0,0,0,0,0,74,74,0,74,74,74,0,74,0,0,0,0,0,11.57447695,519.0516,40822,0,11.57447695,519.0516,40822,0,0,0,0,0,0,0,0,0,0,0,0,0,0,0,0,0,0,0,0,0,0,0,0,0,0,0,0,Unknown,Unspecified,0,0,,,,,,Attack,UDPFlood
113,0,192.168.137.5,f0:18:98:0c:aa:af,f0:18:98,57591,192.168.137.111,70:ee:50:68:0e:32,70:ee:50,80,17,4,0,0,1.63828E+12,1.63828E+12,138838,9392,695008,1.63828E+12,1.63828E+12,138838,9392,695008,0,0,0,0,0,74,74,0,74,74,74,0,74,0,0,0,0,0,14.78415504,517.5283772,30261,0,14.78415504,517.5283772,30261,0,0,0,0,0,0,0,0,0,0,0,0,0,0,0,0,0,0,0,0,0,0,0,0,0,0,0,0,Unknown,Unspecified,0,0,,,,,,Attack,UDPFlood
114,0,192.168.137.5,f0:18:98:0c:aa:af,f0:18:98,50626,192.168.137.111,70:ee:50:68:0e:32,70:ee:50,80,17,4,0,0,1.63828E+12,1.63828E+12,138791,12240,905760,1.63828E+12,1.63828E+12,138791,12240,905760,0,0,0,0,0,74,74,0,74,74,74,0,74,0,0,0,0,0,11.34006046,512.0268169,40822,0,11.34006046,512.0268169,40822,0,0,0,0,0,0,0,0,0,0,0,0,0,0,0,0,0,0,0,0,0,0,0,0,0,0,0,0,Unknown,Unspecified,0,0,,,,,,Attack,UDPFlood
115,0,192.168.137.5,f0:18:98:0c:aa:af,f0:18:98,53818,192.168.137.111,70:ee:50:68:0e:32,70:ee:50,80,17,4,0,0,1.63828E+12,1.63828E+12,138694,12089,894586,1.63828E+12,1.63828E+12,138694,12089,894586,0,0,0,0,0,74,74,0,74,74,74,0,74,0,0,0,0,0,11.47369292,459.1356046,30424,0,11.47369292,459.1356046,30424,0,0,0,0,0,0,0,0,0,0,0,0,0,0,0,0,0,0,0,0,0,0,0,0,0,0,0,0,Unknown,Unspecified,0,0,,,,,,Attack,UDPFlood
116,0,192.168.137.5,f0:18:98:0c:aa:af,f0:18:98,58494,192.168.137.111,70:ee:50:68:0e:32,70:ee:50,80,17,4,0,0,1.63828E+12,1.63828E+12,138583,14190,1050060,1.63828E+12,1.63828E+12,138583,14190,1050060,0,0,0,0,0,74,74,0,74,74,74,0,74,0,0,0,0,0,9.766932131,473.2453293,40823,0,9.766932131,473.2453293,40823,0,0,0,0,0,0,0,0,0,0,0,0,0,0,0,0,0,0,0,0,0,0,0,0,0,0,0,0,Unknown,Unspecified,0,0,,,,,,Attack,UDPFlood
117,0,192.168.137.5,f0:18:98:0c:aa:af,f0:18:98,50913,192.168.137.111,70:ee:50:68:0e:32,70:ee:50,80,17,4,0,0,1.63828E+12,1.63828E+12,133532,11727,867798,1.63828E+12,1.63828E+12,133532,11727,867798,0,0,0,0,0,74,74,0,74,74,74,0,74,0,0,0,0,0,11.38768549,524.7527221,41030,0,11.38768549,524.7527221,41030,0,0,0,0,0,0,0,0,0,0,0,0,0,0,0,0,0,0,0,0,0,0,0,0,0,0,0,0,Unknown,Unspecified,0,0,,,,,,Attack,UDPFlood
118,0,192.168.137.5,f0:18:98:0c:aa:af,f0:18:98,62281,192.168.137.111,70:ee:50:68:0e:32,70:ee:50,80,17,4,0,0,1.63828E+12,1.63828E+12,132073,9679,716246,1.63828E+12,1.63828E+12,132073,9679,716246,0,0,0,0,0,74,74,0,74,74,74,0,74,0,0,0,0,0,13.64672453,534.1611166,40820,0,13.64672453,534.1611166,40820,0,0,0,0,0,0,0,0,0,0,0,0,0,0,0,0,0,0,0,0,0,0,0,0,0,0,0,0,Unknown,Unspecified,0,0,,,,,,Attack,UDPFlood
119,0,192.168.137.5,f0:18:98:0c:aa:af,f0:18:98,50528,192.168.137.111,70:ee:50:68:0e:32,70:ee:50,80,17,4,0,0,1.63828E+12,1.63828E+12,122896,6541,484034,1.63828E+12,1.63828E+12,122896,6541,484034,0,0,0,0,0,74,74,0,74,74,74,0,74,0,0,0,0,0,18.79143731,713.0057305,42428,0,18.79143731,713.0057305,42428,0,0,0,0,0,0,0,0,0,0,0,0,0,0,0,0,0,0,0,0,0,0,0,0,0,0,0,0,Unknown,Unspecified,0,0,,,,,,Attack,UDPFlood
120,0,192.168.137.5,f0:18:98:0c:aa:af,f0:18:98,52824,192.168.137.111,70:ee:50:68:0e:32,70:ee:50,80,17,4,0,0,1.63828E+12,1.63828E+12,136894,3439,254486,1.63828E+12,1.63828E+12,136894,3439,254486,0,0,0,0,0,74,74,0,74,74,74,0,74,0,0,0,0,0,39.81791739,936.5068235,30361,0,39.81791739,936.5068235,30361,0,0,0,0,0,0,0,0,0,0,0,0,0,0,0,0,0,0,0,0,0,0,0,0,0,0,0,0,Unknown,Unspecified,0,0,,,,,,Attack,UDPFlood
121,0,192.168.137.5,f0:18:98:0c:aa:af,f0:18:98,51942,192.168.137.111,70:ee:50:68:0e:32,70:ee:50,80,17,4,0,0,1.63828E+12,1.63828E+12,108941,5216,385984,1.63828E+12,1.63828E+12,108941,5216,385984,0,0,0,0,0,74,74,0,74,74,74,0,74,0,0,0,0,0,20.88993289,599.5123429,30261,0,20.88993289,599.5123429,30261,0,0,0,0,0,0,0,0,0,0,0,0,0,0,0,0,0,0,0,0,0,0,0,0,0,0,0,0,Unknown,Unspecified,0,0,,,,,,Attack,UDPFlood
122,0,192.168.137.5,f0:18:98:0c:aa:af,f0:18:98,49842,192.168.137.111,70:ee:50:68:0e:32,70:ee:50,80,17,4,0,0,1.63828E+12,1.63828E+12,75027,3711,274614,1.63828E+12,1.63828E+12,75027,3711,274614,0,0,0,0,0,74,74,0,74,74,74,0,74,0,0,0,0,0,20.22291105,783.1265298,43835,0,20.22291105,783.1265298,43835,0,0,0,0,0,0,0,0,0,0,0,0,0,0,0,0,0,0,0,0,0,0,0,0,0,0,0,0,Unknown,Unspecified,0,0,,,,,,Attack,UDPFlood
123,0,192.168.137.5,f0:18:98:0c:aa:af,f0:18:98,63121,192.168.137.111,70:ee:50:68:0e:32,70:ee:50,80,17,4,0,0,1.63828E+12,1.63828E+12,89036,3102,229548,1.63828E+12,1.63828E+12,89036,3102,229548,0,0,0,0,0,74,74,0,74,74,74,0,74,0,0,0,0,0,28.71202838,872.6254412,43273,0,28.71202838,872.6254412,43273,0,0,0,0,0,0,0,0,0,0,0,0,0,0,0,0,0,0,0,0,0,0,0,0,0,0,0,0,Unknown,Unspecified,0,0,,,,,,Attack,UDPFlood
124,0,192.168.137.5,f0:18:98:0c:aa:af,f0:18:98,62610,192.168.137.111,70:ee:50:68:0e:32,70:ee:50,80,17,4,0,0,1.63828E+12,1.63828E+12,117168,1029,76146,1.63828E+12,1.63828E+12,117168,1029,76146,0,0,0,0,0,74,74,0,74,74,74,0,74,0,0,0,0,0,113.9766537,1881.740913,41309,0,113.9766537,1881.740913,41309,0,0,0,0,0,0,0,0,0,0,0,0,0,0,0,0,0,0,0,0,0,0,0,0,0,0,0,0,Unknown,Unspecified,0,0,,,,,,Attack,UDPFlood
125,0,192.168.137.5,f0:18:98:0c:aa:af,f0:18:98,54868,192.168.137.111,70:ee:50:68:0e:32,70:ee:50,80,17,4,0,0,1.63828E+12,1.63828E+12,88686,3617,267658,1.63828E+12,1.63828E+12,88686,3617,267658,0,0,0,0,0,74,74,0,74,74,74,0,74,0,0,0,0,0,24.52599558,669.3591964,28782,0,24.52599558,669.3591964,28782,0,0,0,0,0,0,0,0,0,0,0,0,0,0,0,0,0,0,0,0,0,0,0,0,0,0,0,0,Unknown,Unspecified,0,0,,,,,,Attack,UDPFlood
126,0,192.168.137.5,f0:18:98:0c:aa:af,f0:18:98,50297,192.168.137.111,70:ee:50:68:0e:32,70:ee:50,80,17,4,0,0,1.63828E+12,1.63828E+12,87005,2096,155104,1.63828E+12,1.63828E+12,87005,2096,155104,0,0,0,0,0,74,74,0,74,74,74,0,74,0,0,0,0,0,41.52983294,1078.82334,43837,0,41.52983294,1078.82334,43837,0,0,0,0,0,0,0,0,0,0,0,0,0,0,0,0,0,0,0,0,0,0,0,0,0,0,0,0,Unknown,Unspecified,0,0,,,,,,Attack,UDPFlood
127,0,192.168.137.5,f0:18:98:0c:aa:af,f0:18:98,62491,192.168.137.111,70:ee:50:68:0e:32,70:ee:50,80,17,4,0,0,1.63828E+12,1.63828E+12,73715,1105,81770,1.63828E+12,1.63828E+12,73715,1105,81770,0,0,0,0,0,74,74,0,74,74,74,0,74,0,0,0,0,0,66.77083333,1478.899889,45371,0,66.77083333,1478.899889,45371,0,0,0,0,0,0,0,0,0,0,0,0,0,0,0,0,0,0,0,0,0,0,0,0,0,0,0,0,Unknown,Unspecified,0,0,,,,,,Attack,UDPFlood
128,0,192.168.137.5,f0:18:98:0c:aa:af,f0:18:98,56450,192.168.137.111,70:ee:50:68:0e:32,70:ee:50,80,17,4,0,0,1.63828E+12,1.63828E+12,102121,2397,177378,1.63828E+12,1.63828E+12,102121,2397,177378,0,0,0,0,0,74,74,0,74,74,74,0,74,0,0,0,0,0,42.62145242,962.3573687,29792,0,42.62145242,962.3573687,29792,0,0,0,0,0,0,0,0,0,0,0,0,0,0,0,0,0,0,0,0,0,0,0,0,0,0,0,0,Unknown,Unspecified,0,0,,,,,,Attack,UDPFlood
129,0,192.168.137.5,f0:18:98:0c:aa:af,f0:18:98,54798,192.168.137.111,70:ee:50:68:0e:32,70:ee:50,80,17,4,0,0,1.63828E+12,1.63828E+12,45275,3816,282384,1.63828E+12,1.63828E+12,45275,3816,282384,0,0,0,0,0,74,74,0,74,74,74,0,74,0,0,0,0,0,11.86762779,385.3227633,15022,0,11.86762779,385.3227633,15022,0,0,0,0,0,0,0,0,0,0,0,0,0,0,0,0,0,0,0,0,0,0,0,0,0,0,0,0,Unknown,Unspecified,0,0,,,,,,Attack,UDPFlood
130,0,192.168.137.5,f0:18:98:0c:aa:af,f0:18:98,61875,192.168.137.111,70:ee:50:68:0e:32,70:ee:50,80,17,4,0,0,1.63828E+12,1.63828E+12,58435,3547,262478,1.63828E+12,1.63828E+12,58435,3547,262478,0,0,0,0,0,74,74,0,74,74,74,0,74,0,0,0,0,0,16.47913142,554.8423944,27393,0,16.47913142,554.8423944,27393,0,0,0,0,0,0,0,0,0,0,0,0,0,0,0,0,0,0,0,0,0,0,0,0,0,0,0,0,Unknown,Unspecified,0,0,,,,,,Attack,UDPFlood
131,0,192.168.137.5,f0:18:98:0c:aa:af,f0:18:98,54728,192.168.137.111,70:ee:50:68:0e:32,70:ee:50,80,17,4,0,0,1.63828E+12,1.63828E+12,58405,2451,181374,1.63828E+12,1.63828E+12,58405,2451,181374,0,0,0,0,0,74,74,0,74,74,74,0,74,0,0,0,0,0,23.83877551,679.7091034,28084,0,23.83877551,679.7091034,28084,0,0,0,0,0,0,0,0,0,0,0,0,0,0,0,0,0,0,0,0,0,0,0,0,0,0,0,0,Unknown,Unspecified,0,0,,,,,,Attack,UDPFlood
132,0,192.168.137.5,f0:18:98:0c:aa:af,f0:18:98,55239,192.168.137.111,70:ee:50:68:0e:32,70:ee:50,80,17,4,0,0,1.63828E+12,1.63828E+12,58712,1929,142746,1.63828E+12,1.63828E+12,58712,1929,142746,0,0,0,0,0,74,74,0,74,74,74,0,74,0,0,0,0,0,30.45228216,762.9098848,28306,0,30.45228216,762.9098848,28306,0,0,0,0,0,0,0,0,0,0,0,0,0,0,0,0,0,0,0,0,0,0,0,0,0,0,0,0,Unknown,Unspecified,0,0,,,,,,Attack,UDPFlood
133,0,192.168.137.5,f0:18:98:0c:aa:af,f0:18:98,60993,192.168.137.111,70:ee:50:68:0e:32,70:ee:50,80,17,4,0,0,1.63828E+12,1.63828E+12,58607,2873,212602,1.63828E+12,1.63828E+12,58607,2873,212602,0,0,0,0,0,74,74,0,74,74,74,0,74,0,0,0,0,0,20.40633705,494.5244019,14277,0,20.40633705,494.5244019,14277,0,0,0,0,0,0,0,0,0,0,0,0,0,0,0,0,0,0,0,0,0,0,0,0,0,0,0,0,Unknown,Unspecified,0,0,,,,,,Attack,UDPFlood
134,0,192.168.137.5,f0:18:98:0c:aa:af,f0:18:98,52530,192.168.137.111,70:ee:50:68:0e:32,70:ee:50,80,17,4,0,0,1.63828E+12,1.63828E+12,58172,1725,127650,1.63828E+12,1.63828E+12,58172,1725,127650,0,0,0,0,0,74,74,0,74,74,74,0,74,0,0,0,0,0,33.7424594,825.5744097,27335,0,33.7424594,825.5744097,27335,0,0,0,0,0,0,0,0,0,0,0,0,0,0,0,0,0,0,0,0,0,0,0,0,0,0,0,0,Unknown,Unspecified,0,0,,,,,,Attack,UDPFlood
135,0,192.168.137.5,f0:18:98:0c:aa:af,f0:18:98,52404,192.168.137.111,70:ee:50:68:0e:32,70:ee:50,80,17,4,0,0,1.63828E+12,1.63828E+12,58486,1164,86136,1.63828E+12,1.63828E+12,58486,1164,86136,0,0,0,0,0,74,74,0,74,74,74,0,74,0,0,0,0,0,50.288908,992.3642508,28326,0,50.288908,992.3642508,28326,0,0,0,0,0,0,0,0,0,0,0,0,0,0,0,0,0,0,0,0,0,0,0,0,0,0,0,0,Unknown,Unspecified,0,0,,,,,,Attack,UDPFlood
136,0,192.168.137.5,f0:18:98:0c:aa:af,f0:18:98,55225,192.168.137.111,70:ee:50:68:0e:32,70:ee:50,80,17,4,0,0,1.63828E+12,1.63828E+12,41118,2282,168868,1.63828E+12,1.63828E+12,41118,2282,168868,0,0,0,0,0,74,74,0,74,74,74,0,74,0,0,0,0,0,18.02630425,621.4130355,27692,0,18.02630425,621.4130355,27692,0,0,0,0,0,0,0,0,0,0,0,0,0,0,0,0,0,0,0,0,0,0,0,0,0,0,0,0,Unknown,Unspecified,0,0,,,,,,Attack,UDPFlood
137,0,192.168.137.5,f0:18:98:0c:aa:af,f0:18:98,57269,192.168.137.111,70:ee:50:68:0e:32,70:ee:50,80,17,4,0,0,1.63828E+12,1.63828E+12,28459,2399,177526,1.63828E+12,1.63828E+12,28459,2399,177526,0,0,0,0,0,74,74,0,74,74,74,0,74,0,0,0,0,0,11.86780651,553.1993106,27089,0,11.86780651,553.1993106,27089,0,0,0,0,0,0,0,0,0,0,0,0,0,0,0,0,0,0,0,0,0,0,0,0,0,0,0,0,Unknown,Unspecified,0,0,,,,,,Attack,UDPFlood
138,0,192.168.137.5,f0:18:98:0c:aa:af,f0:18:98,54861,192.168.137.111,70:ee:50:68:0e:32,70:ee:50,80,17,4,0,0,1.63828E+12,1.63828E+12,28790,2505,185370,1.63828E+12,1.63828E+12,28790,2505,185370,0,0,0,0,0,74,74,0,74,74,74,0,74,0,0,0,0,0,11.49760383,383.2145852,14070,0,11.49760383,383.2145852,14070,0,0,0,0,0,0,0,0,0,0,0,0,0,0,0,0,0,0,0,0,0,0,0,0,0,0,0,0,Unknown,Unspecified,0,0,,,,,,Attack,UDPFlood
139,0,192.168.137.5,f0:18:98:0c:aa:af,f0:18:98,51438,192.168.137.111,70:ee:50:68:0e:32,70:ee:50,80,17,4,0,0,1.63828E+12,1.63828E+12,663,280,20720,1.63828E+12,1.63828E+12,663,280,20720,0,0,0,0,0,74,74,0,74,74,74,0,74,0,0,0,0,0,2.376344086,28.27177227,404,0,2.376344086,28.27177227,404,0,0,0,0,0,0,0,0,0,0,0,0,0,0,0,0,0,0,0,0,0,0,0,0,0,0,0,0,Unknown,Unspecified,0,0,,,,,,Attack,UDPFlood
140,0,192.168.137.5,f0:18:98:0c:aa:af,f0:18:98,58718,192.168.137.111,70:ee:50:68:0e:32,70:ee:50,80,17,4,0,0,1.63828E+12,1.63828E+12,50,75,5550,1.63828E+12,1.63828E+12,50,75,5550,0,0,0,0,0,74,74,0,74,74,74,0,74,0,0,0,0,0,0.675675676,3.896285931,32,0,0.675675676,3.896285931,32,0,0,0,0,0,0,0,0,0,0,0,0,0,0,0,0,0,0,0,0,0,0,0,0,0,0,0,0,Unknown,Unspecified,0,0,,,,,,Attack,UDPFlood
141,0,192.168.137.5,f0:18:98:0c:aa:af,f0:18:98,53097,192.168.137.111,70:ee:50:68:0e:32,70:ee:50,80,17,4,0,0,1.63828E+12,1.63828E+12,211,243,17982,1.63828E+12,1.63828E+12,211,243,17982,0,0,0,0,0,74,74,0,74,74,74,0,74,0,0,0,0,0,0.871900826,6.937488791,92,0,0.871900826,6.937488791,92,0,0,0,0,0,0,0,0,0,0,0,0,0,0,0,0,0,0,0,0,0,0,0,0,0,0,0,0,Unknown,Unspecified,0,0,,,,,,Attack,UDPFlood
142,0,192.168.137.5,f0:18:98:0c:aa:af,f0:18:98,54456,192.168.137.111,70:ee:50:68:0e:32,70:ee:50,80,17,4,0,0,1.63828E+12,1.63828E+12,151206,12476,923224,1.63828E+12,1.63828E+12,151206,12476,923224,0,0,0,0,0,74,74,0,74,74,74,0,74,0,0,0,0,0,12.12072144,469.8907255,30424,0,12.12072144,469.8907255,30424,0,0,0,0,0,0,0,0,0,0,0,0,0,0,0,0,0,0,0,0,0,0,0,0,0,0,0,0,Unknown,Unspecified,0,0,,,,,,Attack,UDPFlood
143,0,192.168.137.5,f0:18:98:0c:aa:af,f0:18:98,49486,192.168.137.111,70:ee:50:68:0e:32,70:ee:50,80,17,4,0,0,1.63828E+12,1.63828E+12,138856,15666,1159284,1.63828E+12,1.63828E+12,138856,15666,1159284,0,0,0,0,0,74,74,0,74,74,74,0,74,0,0,0,0,0,8.864091925,451.3070941,40822,0,8.864091925,451.3070941,40822,0,0,0,0,0,0,0,0,0,0,0,0,0,0,0,0,0,0,0,0,0,0,0,0,0,0,0,0,Unknown,Unspecified,0,0,,,,,,Attack,UDPFlood
144,0,192.168.137.5,f0:18:98:0c:aa:af,f0:18:98,53231,192.168.137.111,70:ee:50:68:0e:32,70:ee:50,80,17,4,0,0,1.63828E+12,1.63828E+12,152386,18694,1383356,1.63828E+12,1.63828E+12,152386,18694,1383356,0,0,0,0,0,74,74,0,74,74,74,0,74,0,0,0,0,0,8.152035521,345.0213429,28269,0,8.152035521,345.0213429,28269,0,0,0,0,0,0,0,0,0,0,0,0,0,0,0,0,0,0,0,0,0,0,0,0,0,0,0,0,Unknown,Unspecified,0,0,,,,,,Attack,UDPFlood
145,0,192.168.137.5,f0:18:98:0c:aa:af,f0:18:98,56171,192.168.137.111,70:ee:50:68:0e:32,70:ee:50,80,17,4,0,0,1.63828E+12,1.63828E+12,138806,11139,824286,1.63828E+12,1.63828E+12,138806,11139,824286,0,0,0,0,0,74,74,0,74,74,74,0,74,0,0,0,0,0,12.46238104,472.8233244,30423,0,12.46238104,472.8233244,30423,0,0,0,0,0,0,0,0,0,0,0,0,0,0,0,0,0,0,0,0,0,0,0,0,0,0,0,0,Unknown,Unspecified,0,0,,,,,,Attack,UDPFlood
146,0,192.168.137.5,f0:18:98:0c:aa:af,f0:18:98,54596,192.168.137.111,70:ee:50:68:0e:32,70:ee:50,80,17,4,0,0,1.63828E+12,1.63828E+12,138181,15996,1183704,1.63828E+12,1.63828E+12,138181,15996,1183704,0,0,0,0,0,74,74,0,74,74,74,0,74,0,0,0,0,0,8.639012191,396.2690037,31016,0,8.639012191,396.2690037,31016,0,0,0,0,0,0,0,0,0,0,0,0,0,0,0,0,0,0,0,0,0,0,0,0,0,0,0,0,Unknown,Unspecified,0,0,,,,,,Attack,UDPFlood
147,0,192.168.137.5,f0:18:98:0c:aa:af,f0:18:98,54869,192.168.137.111,70:ee:50:68:0e:32,70:ee:50,80,17,4,0,0,1.63828E+12,1.63828E+12,135411,15317,1133458,1.63828E+12,1.63828E+12,135411,15317,1133458,0,0,0,0,0,74,74,0,74,74,74,0,74,0,0,0,0,0,8.841146513,401.4923725,31253,0,8.841146513,401.4923725,31253,0,0,0,0,0,0,0,0,0,0,0,0,0,0,0,0,0,0,0,0,0,0,0,0,0,0,0,0,Unknown,Unspecified,0,0,,,,,,Attack,UDPFlood
148,0,192.168.137.5,f0:18:98:0c:aa:af,f0:18:98,50697,192.168.137.111,70:ee:50:68:0e:32,70:ee:50,80,17,4,0,0,1.63828E+12,1.63828E+12,134139,13581,1004994,1.63828E+12,1.63828E+12,134139,13581,1004994,0,0,0,0,0,74,74,0,74,74,74,0,74,0,0,0,0,0,9.877687776,427.2528986,30425,0,9.877687776,427.2528986,30425,0,0,0,0,0,0,0,0,0,0,0,0,0,0,0,0,0,0,0,0,0,0,0,0,0,0,0,0,Unknown,Unspecified,0,0,,,,,,Attack,UDPFlood
149,0,192.168.137.5,f0:18:98:0c:aa:af,f0:18:98,60063,192.168.137.111,70:ee:50:68:0e:32,70:ee:50,80,17,4,0,0,1.63828E+12,1.63828E+12,143820,7261,537314,1.63828E+12,1.63828E+12,143820,7261,537314,0,0,0,0,0,74,74,0,74,74,74,0,74,0,0,0,0,0,19.80991736,606.7420394,31253,0,19.80991736,606.7420394,31253,0,0,0,0,0,0,0,0,0,0,0,0,0,0,0,0,0,0,0,0,0,0,0,0,0,0,0,0,Unknown,Unspecified,0,0,,,,,,Attack,UDPFlood
150,0,192.168.137.5,f0:18:98:0c:aa:af,f0:18:98,55261,192.168.137.111,70:ee:50:68:0e:32,70:ee:50,80,17,4,0,0,1.63828E+12,1.63828E+12,129698,10091,746734,1.63828E+12,1.63828E+12,129698,10091,746734,0,0,0,0,0,74,74,0,74,74,74,0,74,0,0,0,0,0,12.85411298,568.4426715,40921,0,12.85411298,568.4426715,40921,0,0,0,0,0,0,0,0,0,0,0,0,0,0,0,0,0,0,0,0,0,0,0,0,0,0,0,0,Unknown,Unspecified,0,0,,,,,,Attack,UDPFlood
151,0,192.168.137.5,f0:18:98:0c:aa:af,f0:18:98,62954,192.168.137.111,70:ee:50:68:0e:32,70:ee:50,80,17,4,0,0,1.63828E+12,1.63828E+12,124249,4974,368076,1.63828E+12,1.63828E+12,124249,4974,368076,0,0,0,0,0,74,74,0,74,74,74,0,74,0,0,0,0,0,24.98471747,701.9665651,30425,0,24.98471747,701.9665651,30425,0,0,0,0,0,0,0,0,0,0,0,0,0,0,0,0,0,0,0,0,0,0,0,0,0,0,0,0,Unknown,Unspecified,0,0,,,,,,Attack,UDPFlood
152,0,192.168.137.5,f0:18:98:0c:aa:af,f0:18:98,52930,192.168.137.111,70:ee:50:68:0e:32,70:ee:50,80,17,4,0,0,1.63828E+12,1.63828E+12,109266,6968,515632,1.63828E+12,1.63828E+12,109266,6968,515632,0,0,0,0,0,74,74,0,74,74,74,0,74,0,0,0,0,0,15.68336443,520.7998136,30654,0,15.68336443,520.7998136,30654,0,0,0,0,0,0,0,0,0,0,0,0,0,0,0,0,0,0,0,0,0,0,0,0,0,0,0,0,Unknown,Unspecified,0,0,,,,,,Attack,UDPFlood
153,0,192.168.137.5,f0:18:98:0c:aa:af,f0:18:98,62471,192.168.137.111,70:ee:50:68:0e:32,70:ee:50,80,17,4,0,0,1.63828E+12,1.63828E+12,109169,4060,300440,1.63828E+12,1.63828E+12,109169,4060,300440,0,0,0,0,0,74,74,0,74,74,74,0,74,0,0,0,0,0,26.89554077,750.8772789,30425,0,26.89554077,750.8772789,30425,0,0,0,0,0,0,0,0,0,0,0,0,0,0,0,0,0,0,0,0,0,0,0,0,0,0,0,0,Unknown,Unspecified,0,0,,,,,,Attack,UDPFlood
154,0,192.168.137.5,f0:18:98:0c:aa:af,f0:18:98,63402,192.168.137.111,70:ee:50:68:0e:32,70:ee:50,80,17,4,0,0,1.63828E+12,1.63828E+12,109106,2543,188182,1.63828E+12,1.63828E+12,109106,2543,188182,0,0,0,0,0,74,74,0,74,74,74,0,74,0,0,0,0,0,42.92132179,935.0619394,29921,0,42.92132179,935.0619394,29921,0,0,0,0,0,0,0,0,0,0,0,0,0,0,0,0,0,0,0,0,0,0,0,0,0,0,0,0,Unknown,Unspecified,0,0,,,,,,Attack,UDPFlood
155,0,192.168.137.5,f0:18:98:0c:aa:af,f0:18:98,57144,192.168.137.111,70:ee:50:68:0e:32,70:ee:50,80,17,4,0,0,1.63828E+12,1.63828E+12,109048,4376,323824,1.63828E+12,1.63828E+12,109048,4376,323824,0,0,0,0,0,74,74,0,74,74,74,0,74,0,0,0,0,0,24.92525714,737.3935115,32206,0,24.92525714,737.3935115,32206,0,0,0,0,0,0,0,0,0,0,0,0,0,0,0,0,0,0,0,0,0,0,0,0,0,0,0,0,Unknown,Unspecified,0,0,,,,,,Attack,UDPFlood
156,0,192.168.137.5,f0:18:98:0c:aa:af,f0:18:98,51124,192.168.137.111,70:ee:50:68:0e:32,70:ee:50,80,17,4,0,0,1.63828E+12,1.63828E+12,108598,6884,509416,1.63828E+12,1.63828E+12,108598,6884,509416,0,0,0,0,0,74,74,0,74,74,74,0,74,0,0,0,0,0,15.77771321,575.9019945,31365,0,15.77771321,575.9019945,31365,0,0,0,0,0,0,0,0,0,0,0,0,0,0,0,0,0,0,0,0,0,0,0,0,0,0,0,0,Unknown,Unspecified,0,0,,,,,,Attack,UDPFlood
157,0,192.168.137.5,f0:18:98:0c:aa:af,f0:18:98,52636,192.168.137.111,70:ee:50:68:0e:32,70:ee:50,80,17,4,0,0,1.63828E+12,1.63828E+12,104295,2532,187368,1.63828E+12,1.63828E+12,104295,2532,187368,0,0,0,0,0,74,74,0,74,74,74,0,74,0,0,0,0,0,41.20703279,1079.06745,43313,0,41.20703279,1079.06745,43313,0,0,0,0,0,0,0,0,0,0,0,0,0,0,0,0,0,0,0,0,0,0,0,0,0,0,0,0,Unknown,Unspecified,0,0,,,,,,Attack,UDPFlood
158,0,192.168.137.5,f0:18:98:0c:aa:af,f0:18:98,64375,192.168.137.111,70:ee:50:68:0e:32,70:ee:50,80,17,4,0,0,1.63828E+12,1.63828E+12,89023,1614,119436,1.63828E+12,1.63828E+12,89023,1614,119436,0,0,0,0,0,74,74,0,74,74,74,0,74,0,0,0,0,0,55.19094854,997.4230597,28901,0,55.19094854,997.4230597,28901,0,0,0,0,0,0,0,0,0,0,0,0,0,0,0,0,0,0,0,0,0,0,0,0,0,0,0,0,Unknown,Unspecified,0,0,,,,,,Attack,UDPFlood
159,0,192.168.137.5,f0:18:98:0c:aa:af,f0:18:98,61148,192.168.137.111,70:ee:50:68:0e:32,70:ee:50,80,17,4,0,0,1.63828E+12,1.63828E+12,88216,1079,79846,1.63828E+12,1.63828E+12,88216,1079,79846,0,0,0,0,0,74,74,0,74,74,74,0,74,0,0,0,0,0,81.83302412,1941.271053,61420,0,81.83302412,1941.271053,61420,0,0,0,0,0,0,0,0,0,0,0,0,0,0,0,0,0,0,0,0,0,0,0,0,0,0,0,0,Unknown,Unspecified,0,0,,,,,,Attack,UDPFlood
160,0,192.168.137.5,f0:18:98:0c:aa:af,f0:18:98,58544,192.168.137.111,70:ee:50:68:0e:32,70:ee:50,80,17,4,0,0,1.63828E+12,1.63828E+12,99948,4926,364524,1.63828E+12,1.63828E+12,99948,4926,364524,0,0,0,0,0,74,74,0,74,74,74,0,74,0,0,0,0,0,20.29401015,609.4029623,30991,0,20.29401015,609.4029623,30991,0,0,0,0,0,0,0,0,0,0,0,0,0,0,0,0,0,0,0,0,0,0,0,0,0,0,0,0,Unknown,Unspecified,0,0,,,,,,Attack,UDPFlood
161,0,192.168.137.5,f0:18:98:0c:aa:af,f0:18:98,50501,192.168.137.111,70:ee:50:68:0e:32,70:ee:50,80,17,4,0,0,1.63828E+12,1.63828E+12,102186,1187,87838,1.63828E+12,1.63828E+12,102186,1187,87838,0,0,0,0,0,74,74,0,74,74,74,0,74,0,0,0,0,0,86.16020236,1348.575741,27817,0,86.16020236,1348.575741,27817,0,0,0,0,0,0,0,0,0,0,0,0,0,0,0,0,0,0,0,0,0,0,0,0,0,0,0,0,Unknown,Unspecified,0,0,,,,,,Attack,UDPFlood
162,0,192.168.137.5,f0:18:98:0c:aa:af,f0:18:98,56059,192.168.137.111,70:ee:50:68:0e:32,70:ee:50,80,17,4,0,0,1.63828E+12,1.63828E+12,102266,2417,178858,1.63828E+12,1.63828E+12,102266,2417,178858,0,0,0,0,0,74,74,0,74,74,74,0,74,0,0,0,0,0,42.32864238,847.5264985,27330,0,42.32864238,847.5264985,27330,0,0,0,0,0,0,0,0,0,0,0,0,0,0,0,0,0,0,0,0,0,0,0,0,0,0,0,0,Unknown,Unspecified,0,0,,,,,,Attack,UDPFlood
163,0,192.168.137.5,f0:18:98:0c:aa:af,f0:18:98,57452,192.168.137.111,70:ee:50:68:0e:32,70:ee:50,80,17,4,0,0,1.63828E+12,1.63828E+12,86873,2096,155104,1.63828E+12,1.63828E+12,86873,2096,155104,0,0,0,0,0,74,74,0,74,74,74,0,74,0,0,0,0,0,41.46682578,949.5772783,27794,0,41.46682578,949.5772783,27794,0,0,0,0,0,0,0,0,0,0,0,0,0,0,0,0,0,0,0,0,0,0,0,0,0,0,0,0,Unknown,Unspecified,0,0,,,,,,Attack,UDPFlood
164,0,192.168.137.5,f0:18:98:0c:aa:af,f0:18:98,52118,192.168.137.111,70:ee:50:68:0e:32,70:ee:50,80,17,4,0,0,1.63828E+12,1.63828E+12,58842,1413,104562,1.63828E+12,1.63828E+12,58842,1413,104562,0,0,0,0,0,74,74,0,74,74,74,0,74,0,0,0,0,0,41.67280453,911.1145404,28058,0,41.67280453,911.1145404,28058,0,0,0,0,0,0,0,0,0,0,0,0,0,0,0,0,0,0,0,0,0,0,0,0,0,0,0,0,Unknown,Unspecified,0,0,,,,,,Attack,UDPFlood
165,0,192.168.137.5,f0:18:98:0c:aa:af,f0:18:98,53042,192.168.137.111,70:ee:50:68:0e:32,70:ee:50,80,17,4,0,0,1.63828E+12,1.63828E+12,43400,3457,255818,1.63828E+12,1.63828E+12,43400,3457,255818,0,0,0,0,0,74,74,0,74,74,74,0,74,0,0,0,0,0,12.55787037,396.0747472,14751,0,12.55787037,396.0747472,14751,0,0,0,0,0,0,0,0,0,0,0,0,0,0,0,0,0,0,0,0,0,0,0,0,0,0,0,0,Unknown,Unspecified,0,0,,,,,,Attack,UDPFlood
166,0,192.168.137.5,f0:18:98:0c:aa:af,f0:18:98,65523,192.168.137.111,70:ee:50:68:0e:32,70:ee:50,80,17,4,0,0,1.63828E+12,1.63828E+12,29225,2339,173086,1.63828E+12,1.63828E+12,29225,2339,173086,0,0,0,0,0,74,74,0,74,74,74,0,74,0,0,0,0,0,12.5,565.3175601,27331,0,12.5,565.3175601,27331,0,0,0,0,0,0,0,0,0,0,0,0,0,0,0,0,0,0,0,0,0,0,0,0,0,0,0,0,Unknown,Unspecified,0,0,,,,,,Attack,UDPFlood
167,0,192.168.137.5,f0:18:98:0c:aa:af,f0:18:98,62296,192.168.137.111,70:ee:50:68:0e:32,70:ee:50,80,17,4,0,0,1.63828E+12,1.63828E+12,29694,3107,229918,1.63828E+12,1.63828E+12,29694,3107,229918,0,0,0,0,0,74,74,0,74,74,74,0,74,0,0,0,0,0,9.560206053,486.4616136,27105,0,9.560206053,486.4616136,27105,0,0,0,0,0,0,0,0,0,0,0,0,0,0,0,0,0,0,0,0,0,0,0,0,0,0,0,0,Unknown,Unspecified,0,0,,,,,,Attack,UDPFlood
168,0,192.168.137.5,f0:18:98:0c:aa:af,f0:18:98,59356,192.168.137.111,70:ee:50:68:0e:32,70:ee:50,80,17,4,0,0,1.63828E+12,1.63828E+12,28089,1429,105746,1.63828E+12,1.63828E+12,28089,1429,105746,0,0,0,0,0,74,74,0,74,74,74,0,74,0,0,0,0,0,19.67016807,717.7515414,27122,0,19.67016807,717.7515414,27122,0,0,0,0,0,0,0,0,0,0,0,0,0,0,0,0,0,0,0,0,0,0,0,0,0,0,0,0,Unknown,Unspecified,0,0,,,,,,Attack,UDPFlood
169,0,192.168.137.5,f0:18:98:0c:aa:af,f0:18:98,51845,192.168.137.111,70:ee:50:68:0e:32,70:ee:50,80,17,4,0,0,1.63828E+12,1.63828E+12,583,503,37222,1.63828E+12,1.63828E+12,583,503,37222,0,0,0,0,0,74,74,0,74,74,74,0,74,0,0,0,0,0,1.161354582,15.24031909,318,0,1.161354582,15.24031909,318,0,0,0,0,0,0,0,0,0,0,0,0,0,0,0,0,0,0,0,0,0,0,0,0,0,0,0,0,Unknown,Unspecified,0,0,,,,,,Attack,UDPFlood
170,0,192.168.137.5,f0:18:98:0c:aa:af,f0:18:98,62562,192.168.137.111,70:ee:50:68:0e:32,70:ee:50,80,17,4,0,0,1.63828E+12,1.63828E+12,375,603,44622,1.63828E+12,1.63828E+12,375,603,44622,0,0,0,0,0,74,74,0,74,74,74,0,74,0,0,0,0,0,0.622923588,7.347722394,154,0,0.622923588,7.347722394,154,0,0,0,0,0,0,0,0,0,0,0,0,0,0,0,0,0,0,0,0,0,0,0,0,0,0,0,0,Unknown,Unspecified,0,0,,,,,,Attack,UDPFlood
